"Fecha","Categoría","Tipo","Monto","Activo","Libro mayor","Reembolsar","Comentar"
"ago 01 2026 20:54","Comida","Expensas","-11846","Mercadopago & else","Mi libro mayor","","juntada sabado (sanguches + sabores express + pepsi)"
"ago 01 2026 17:53","Coche","Expensas","-75000","Mercadopago & else","Mi libro mayor","","nafta lleno"
"jul 31 2026 20:52","Coche","Expensas","-28457","Mercadopago & else","Mi libro mayor","","ida y vuelta del after"
"jul 31 2026 17:51","Juego","Expensas","-4500","Mercadopago & else","Mi libro mayor","","bills must be paid"
"jul 30 2026 18:51","Coche","Expensas","-10600","Mercadopago & else","Mi libro mayor","","didi vuelta a3 10600"
"jul 30 2026 16:50","Comida","Expensas","-5700","Mercadopago & else","Mi libro mayor","","carrot cake a3"
"jul 30 2026 08:50","Coche","Expensas","-11000","Mercadopago & else","Mi libro mayor","","didi ida A3"
"jul 29 2026 12:24","Comida","Expensas","-8200","Mercadopago & else","Mi libro mayor","","ciabatton"
"jul 29 2026 08:49","Coche","Expensas","-14700","Mercadopago & else","Mi libro mayor","","didi a cormls"
"jul 26 2026 17:49","Super","Expensas","-10357","Mercadopago & else","Mi libro mayor","","super merienda bren"
"jul 25 2026 17:47","Super","Expensas","-16250","Mercadopago & else","Mi libro mayor","","super fsjitss"
"jul 25 2026 17:41","Varios","Expensas","-6300","Mercadopago & else","Mi libro mayor","","runchyroll"
"jul 24 2026 00:59","Juego","Expensas","-15000","Mercadopago & else","Mi libro mayor","","Denshattack"
"jul 23 2026 22:59","Comida","Expensas","-19000","Mercadopago & else","Mi libro mayor","","mcdonalds mcaya"
"jul 23 2026 20:58","Varios","Expensas","-31000","Mercadopago & else","Mi libro mayor","","telo"
"jul 23 2026 00:58","Juego","Expensas","-5250","Mercadopago & else","Mi libro mayor","","super battle golf de dani"
"jul 22 2026 18:56","Coche","Expensas","-4000","Mercadopago & else","Mi libro mayor","","didi vuelta d elo d maru"
"jul 22 2026 17:55","Varios","Expensas","-22500","Mercadopago & else","Mi libro mayor","","figma premium q compraba"
"jul 22 2026 16:54","Bebida ","Expensas","-4400","Mercadopago & else","Mi libro mayor","","monstwr de mang"
"jul 22 2026 12:54","Comida","Expensas","-8100","Mercadopago & else","Mi libro mayor","","ciabaton flaco"
"jul 22 2026 08:54","Coche","Expensas","-12800","Mercadopago & else","Mi libro mayor","","didi a la ofi"
"jul 19 2026 22:51","Varios","Expensas","-29200","Mercadopago & else","Mi libro mayor","","entrada imax y pochoxlos"
"jul 19 2026 01:48","Comida","Expensas","-5700","Mercadopago & else","Mi libro mayor","","unos panchos para todos los pibes"
"jul 18 2026 20:28","Comida","Expensas","-83600","Mercadopago & else","Mi libro mayor","","arabe hmcsg"
"jul 18 2026 18:27","Varios","Expensas","-20212","Mercadopago & else","Mi libro mayor","","asumo gasto Joakechi, Vee Mcdonalds y alcohol"
"jul 18 2026 16:50","Coche","Expensas","-7400","Mercadopago & else","Mi libro mayor","","un didi no se adonde"
"jul 16 2026 18:28","Comida","Expensas","-5700","Mercadopago & else","Mi libro mayor","","una carro cake"
"jul 16 2026 18:28","Regalo","Expensas","-7500","Mercadopago & else","Mi libro mayor","","el golf pa ian"
"jul 15 2026 12:42","Comida","Expensas","-7100","Mercadopago & else","Mi libro mayor","","milanesio y peñsi"
"jul 15 2026 12:42","Coche","Expensas","-17000","Mercadopago & else","Mi libro mayor","","didi"
"jul 15 2026 02:44","Varios","Expensas","-60000","Mercadopago & else","Mi libro mayor","","psicologa 2 ses"
"jul 14 2026 01:02","Juego","Expensas","-7500","Mercadopago & else","Mi libro mayor","","el super battle golf para ian"
"jul 11 2026 17:43","Super","Expensas","-11857","Mercadopago & else","Mi libro mayor","","pizzas"
"jul 11 2026 03:06","Varios","Expensas","-56480","Mercadopago & else","Mi libro mayor","","BRTH (que compraba)"
"jul 09 2026 01:03","Juego","Expensas","-7000","Mercadopago & else","Mi libro mayor","","dlc del outer wilds"
"jul 08 2026 21:05","Comida","Expensas","-43400","Mercadopago & else","Mi libro mayor","","sushi libre"
"jul 08 2026 19:04","Comida","Expensas","-6000","Mercadopago & else","Mi libro mayor","","medialuna c ddl"
"jul 08 2026 18:23","Coche","Expensas","-15500","Mercadopago & else","Mi libro mayor","","didi al desfile"
"jul 08 2026 13:05","Comida","Expensas","-9000","Mercadopago & else","Mi libro mayor","","almuerzo ofi"
"jul 08 2026 09:23","Coche","Expensas","-17900","Mercadopago & else","Mi libro mayor","","didi a la ofi"
"jul 06 2026 21:22","Juego","Expensas","-9000","Mercadopago & else","Mi libro mayor","","juegos de steam"
"jul 06 2026 15:27","Deporte","Expensas","-61000","Mercadopago & else","Mi libro mayor","","gimnasio"
"jul 05 2026 21:21","Comida","Expensas","-14900","Mercadopago & else","Mi libro mayor","","un mc"
"jul 05 2026 17:26","Deporte","Expensas","-11800","Mercadopago & else","Mi libro mayor","","futbol"
"jul 04 2026 21:30","Comida","Expensas","-40000","Mercadopago & else","Mi libro mayor","","peruano"
"jul 02 2026 18:30","Coche","Expensas","-5500","Mercadopago & else","Mi libro mayor","","didi al teatro"
"jul 02 2026 17:04","Comida","Expensas","-5700","Mercadopago & else","Mi libro mayor","","carrot cake"
"jul 02 2026 09:04","Coche","Expensas","-11900","Mercadopago & else","Mi libro mayor","","didi, enpalabras"
"jul 01 2026 22:04","Juego","Expensas","-14000","Mercadopago & else","Mi libro mayor","","snack, bowling y pool"
"jul 01 2026 21:04","Comida","Expensas","-29700","Mercadopago & else","Mi libro mayor","","snack, comida"
"jul 01 2026 19:03","Coche","Expensas","-5930","Mercadopago & else","Mi libro mayor","","didi a snack"
"jul 01 2026 13:02","Comida","Expensas","-15750","Mercadopago & else","Mi libro mayor","","club de la ensalada"
"jul 01 2026 09:02","Coche","Expensas","-17664","Mercadopago & else","Mi libro mayor","","uber cormos"
"jun 29 2026 14:55","Coche","Expensas","-83000","Mercadopago & else","Mi libro mayor","","Nafta y demas"
"jun 27 2026 23:54","Bebida ","Expensas","-31050","Mercadopago & else","Mi libro mayor","","bebidas y yelos"
"jun 26 2026 12:04","Varios","Expensas","-100000","Mercadopago & else","Mi libro mayor","","psicologa últimas 4 sesiones"
"jun 26 2026 02:32","Varios","Expensas","-65000","Mercadopago & else","Mi libro mayor","","Crema para el pelo? q compraba"
"jun 24 2026 18:54","Coche","Expensas","-3900","Mercadopago & else","Mi libro mayor","","didi vuelta"
"jun 24 2026 12:32","Comida","Expensas","-8500","Mercadopago & else","Mi libro mayor","","milanesa open 25"
"jun 24 2026 09:32","Coche","Expensas","-16000","Mercadopago & else","Mi libro mayor","","uber ofi"
"jun 23 2026 23:53","Comida","Expensas","-9800","Mercadopago & else","Mi libro mayor","","milksahke"
"jun 23 2026 23:09","Comida","Expensas","-37730","Mercadopago & else","Mi libro mayor","","Franks Grill"
"jun 21 2026 15:59","Regalo","Expensas","-212000","Mercadopago & else","Mi libro mayor","","junko mocasine"
"jun 21 2026 03:16","Comida","Expensas","-11800","Mercadopago & else","Mi libro mayor","","Mc madrugada"
"jun 21 2026 01:15","Bebida ","Expensas","-20000","Mercadopago & else","Mi libro mayor","","jobs, Tragos"
"jun 20 2026 23:15","Juego","Expensas","-10000","Mercadopago & else","Mi libro mayor","","jobs, Bowling"
"jun 20 2026 22:05","Juego","Expensas","-25000","Mercadopago & else","Mi libro mayor","","jobs, Pool y Tejo"
"jun 20 2026 21:11","Comida","Expensas","-18125","Mercadopago & else","Mi libro mayor","","pizza guitarrita"
"jun 20 2026 19:11","Juego","Expensas","-8350","Mercadopago & else","Mi libro mayor","","playland"
"jun 20 2026 15:18","Regalo","Expensas","-80000","Mercadopago & else","Mi libro mayor","","Blind max y yo"
"jun 20 2026 14:00","Comida","Expensas","-14600","Mercadopago & else","Mi libro mayor","","tasty almuerzo"
"jun 19 2026 22:59","Coche","Expensas","-9000","Mercadopago & else","Mi libro mayor","","uber vuelta c maru"
"jun 19 2026 21:59","Comida","Expensas","-28000","Mercadopago & else","Mi libro mayor","","cena lauti mari"
"jun 19 2026 13:59","Comida","Expensas","-8500","Mercadopago & else","Mi libro mayor","","almuerzo ofi"
"jun 19 2026 10:58","Coche","Expensas","-12500","Mercadopago & else","Mi libro mayor","","didi a la ofi"
"jun 18 2026 15:58","Comida","Expensas","-6000","Mercadopago & else","Mi libro mayor","","pan au chocola"
"jun 15 2026 19:57","Varios","Expensas","-8500","Mercadopago & else","Mi libro mayor","","djfumsdote.com.ar"
"jun 15 2026 17:57","Deporte","Expensas","-9000","Mercadopago & else","Mi libro mayor","","futbol"
"jun 15 2026 17:57","Coche","Expensas","-13350","Mercadopago & else","Mi libro mayor","","uber ida y vuelta terrazas"
"jun 14 2026 12:36","Coche","Expensas","-71019","Mercadopago & else","Mi libro mayor","","nafta"
"jun 14 2026 12:35","Varios","Expensas","-23000","Mercadopago & else","Mi libro mayor","","Entrada Frozouda"
"jun 13 2026 16:35","Comida","Expensas","-27420","Mercadopago & else","Mi libro mayor","","merienda aurelia nos fuimo al choto"
"jun 12 2026 02:17","Ropa","Expensas","-67170","Mercadopago & else","Mi libro mayor","","remeras (?)"
"jun 10 2026 13:17","Comida","Expensas","-13200","Mercadopago & else","Mi libro mayor","","tasty"
"jun 10 2026 13:16","Coche","Expensas","-30600","Mercadopago & else","Mi libro mayor","","didi ida y vuelta ofi"
"jun 06 2026 21:40","Bebida ","Expensas","-4200","Mercadopago & else","Mi libro mayor","","bebidas"
"jun 06 2026 21:39","Comida","Expensas","-19500","Mercadopago & else","Mi libro mayor","","Shawarma"
"jun 06 2026 17:39","Cine","Expensas","-9550","Mercadopago & else","Mi libro mayor","","entradas cine"
"jun 06 2026 16:39","Comida","Expensas","-14000","Mercadopago & else","Mi libro mayor","","merienda abreagan"
"jun 05 2026 14:54","Varios","Expensas","-61000","Mercadopago & else","Mi libro mayor","","gym"
"jun 04 2026 17:05","Comida","Expensas","-6000","Mercadopago & else","Mi libro mayor","","pan au chocolat"
"jun 03 2026 19:53","Comida","Expensas","-24400","Mercadopago & else","Mi libro mayor","","cena en el snack"
"jun 03 2026 19:52","Juego","Expensas","-18000","Mercadopago & else","Mi libro mayor","","bolos"
"jun 03 2026 18:53","Coche","Expensas","-7460","Mercadopago & else","Mi libro mayor","","didi"
"may 25 2026 21:20","Comida","Expensas","-11500","Mercadopago & else","Mi libro mayor","","brule"
"may 24 2026 06:03","Varios","Expensas","-150000","Mercadopago & else","Mi libro mayor","","entradas a makena me las rompo"
"may 24 2026 06:02","Bebida ","Expensas","-20000","Mercadopago & else","Mi libro mayor","","UN JAGGERAZO"
"may 24 2026 06:02","Comida","Expensas","-37800","Mercadopago & else","Mi libro mayor","","sushi libre"
"may 24 2026 05:59","Deporte","Expensas","-11000","Mercadopago & else","Mi libro mayor","","FOBAL"
"may 23 2026 06:05","Comida","Expensas","-20766","Mercadopago & else","Mi libro mayor","","AMBOS MCDONDALS"
"may 23 2026 06:04","Bebida ","Expensas","-18650","Mercadopago & else","Mi libro mayor","","ALCOHOL"
"may 22 2026 21:00","Ropa","Expensas","-178000","Mercadopago & else","Mi libro mayor","","speedcat og"
"may 22 2026 21:00","Comida","Expensas","-11000","Mercadopago & else","Mi libro mayor","","bruel"
"may 17 2026 20:03","Comida","Expensas","-25800","Mercadopago & else","Mi libro mayor","","juntada holansi"
"may 17 2026 20:03","Coche","Expensas","-30000","Mercadopago & else","Mi libro mayor","","nafta"
"may 13 2026 16:59","Comida","Expensas","-11500","Mercadopago & else","Mi libro mayor","","brule"
"may 10 2026 14:29","Deporte","Expensas","-9537","Mercadopago & else","Mi libro mayor","","futbol"
"may 10 2026 14:28","Comida","Expensas","-34000","Mercadopago & else","Mi libro mayor","","coca y kfc"
"may 06 2026 13:50","Varios","Expensas","-50000","Mercadopago & else","Mi libro mayor","","sesiones de psicologa"
"may 03 2026 17:12","Varios","Expensas","-71000","Mercadopago & else","Mi libro mayor","","multa"
"may 02 2026 21:19","Comida","Expensas","-17000","Mercadopago & else","Mi libro mayor","","mac"
"may 02 2026 17:44","Deporte","Expensas","-8100","Mercadopago & else","Mi libro mayor","","fobal"
"may 02 2026 17:19","Coche","Expensas","-8500","Mercadopago & else","Mi libro mayor","","ubers"
"abr 30 2026 17:44","Comida","Expensas","-7000","Mercadopago & else","Mi libro mayor","","brule y pan"
"abr 26 2026 00:40","Comida","Expensas","-17000","Mercadopago & else","Mi libro mayor","","mcalvarz"
"abr 26 2026 00:40","Comida","Expensas","-11000","Mercadopago & else","Mi libro mayor","","boludeces para merienda"
"abr 25 2026 00:40","Bebida ","Expensas","-76500","Mercadopago & else","Mi libro mayor","","una champeta y un water"
"abr 24 2026 19:49","Comida","Expensas","-11800","Mercadopago & else","Mi libro mayor","","brule"
"abr 24 2026 19:49","Coche","Expensas","-70000","Mercadopago & else","Mi libro mayor","","nafta"
"abr 24 2026 19:48","Ropa","Expensas","-72000","Mercadopago & else","Mi libro mayor","","botines"
"abr 19 2026 18:43","Deporte","Expensas","-7425","Mercadopago & else","Mi libro mayor","","futbol domingo"
"abr 18 2026 22:43","Comida","Expensas","-17000","Mercadopago & else","Mi libro mayor","","mcdonalds"
"abr 18 2026 21:42","Deporte","Expensas","-8125","Mercadopago & else","Mi libro mayor","","futbol sabado peder"
"abr 17 2026 18:42","Comida","Expensas","-10000","Mercadopago & else","Mi libro mayor","","merienda nahuw bren"
"abr 15 2026 04:10","Comida","Expensas","-37500","Mercadopago & else","Mi libro mayor","","tacos libres"
"abr 12 2026 19:37","Comida","Expensas","-35200","Mercadopago & else","Mi libro mayor","","juntasa"
"mar 30 2026 18:46","Varios","Expensas","-15000","Mercadopago & else","Mi libro mayor","","rifas junko"
"mar 30 2026 18:46","Regalo","Expensas","-10000","Mercadopago & else","Mi libro mayor","","regalo ekren"
"mar 28 2026 15:51","Comida","Expensas","-16000","Mercadopago & else","Mi libro mayor","","brule"
"mar 28 2026 15:50","Cine","Expensas","-10500","Mercadopago & else","Mi libro mayor","","entrada cine"
"mar 28 2026 15:50","Coche","Expensas","-17360","Mercadopago & else","Mi libro mayor","","uber tati"
"mar 27 2026 21:51","Propina","Expensas","-10000","Mercadopago & else","Mi libro mayor","","propina aristobulo"
"mar 27 2026 21:50","Comida","Expensas","-93800","Mercadopago & else","Mi libro mayor","","casa aristobulo"
"mar 24 2026 01:31","Comida","Expensas","-13875","Mercadopago & else","Mi libro mayor","","mi gusto"
"mar 24 2026 01:31","Comida","Expensas","-12000","Mercadopago & else","Mi libro mayor","","picadita gap haters"
"mar 23 2026 02:15","Juego","Expensas","-900","Mercadopago & else","Mi libro mayor","","timba"
"mar 23 2026 02:15","Comida","Expensas","-10000","Mercadopago & else","Mi libro mayor","","kfc"
"mar 21 2026 22:13","Comida","Expensas","-15149","Mercadopago & else","Mi libro mayor","","juntada"
"mar 17 2026 21:39","Juego","Expensas","-16183","Mercadopago & else","Mi libro mayor","","pase del lol"
"mar 17 2026 02:34","Comida","Expensas","-28490","Mercadopago & else","Mi libro mayor","","merienda cln tati"
"feb 26 2026 11:08","Coche","Expensas","-56000","Mercadopago & else","Mi libro mayor","","nafta"
"feb 26 2026 11:08","Comida","Expensas","-56600","Mercadopago & else","Mi libro mayor","","enso"
"feb 25 2026 16:19","Varios","Expensas","-18000","Mercadopago & else","Mi libro mayor","","isic"
"feb 21 2026 19:13","Regalo","Expensas","-37008","Mercadopago & else","Mi libro mayor","","pava elestrica"
"feb 21 2026 18:12","Comida","Expensas","-18800","Mercadopago & else","Mi libro mayor","","luccianos"
"feb 21 2026 03:55","Tecnología ","Expensas","-10000","Mercadopago & else","Mi libro mayor","","punta de repuesto tablet"
"feb 21 2026 03:55","Comida","Expensas","-2400","Mercadopago & else","Mi libro mayor","","una goga"
"feb 21 2026 03:55","Comida","Expensas","-61000","Mercadopago & else","Mi libro mayor","","comida en el snack"
"feb 21 2026 03:55","Juego","Expensas","-56000","Mercadopago & else","Mi libro mayor","","bowling pool"
"feb 16 2026 17:26","Varios","Expensas","-150000","Mercadopago & else","Mi libro mayor","","la luz"
"feb 15 2026 18:27","Coche","Expensas","-15000","Mercadopago & else","Mi libro mayor","","estacionamiento rose mansion"
"feb 15 2026 18:27","Comida","Expensas","-86000","Mercadopago & else","Mi libro mayor","","rose mansion"
"feb 15 2026 18:26","Comida","Expensas","-14000","Mercadopago & else","Mi libro mayor","","freddo"
"feb 15 2026 18:26","Super","Expensas","-9560","Mercadopago & else","Mi libro mayor","","lemon pie super"
"feb 15 2026 18:06","Comida","Expensas","-26250","Mercadopago & else","Mi libro mayor","","shami"
"feb 15 2026 18:05","Tati","Expensas","-60000","Mercadopago & else","Mi libro mayor","","flores"
"feb 13 2026 10:36","Comida","Expensas","-5800","Mercadopago & else","Mi libro mayor","","cheesecake ep"
"feb 13 2026 10:36","Coche","Expensas","-20000","Mercadopago & else","Mi libro mayor","","didi ida y vuelta EP"
"feb 13 2026 10:36","Varios","Expensas","-50000","Mercadopago & else","Mi libro mayor","","osicologa"
"feb 12 2026 02:28","Super","Expensas","-35376","Mercadopago & else","Mi libro mayor","","carrfour"
"feb 08 2026 18:55","Comida","Expensas","-27000","Mercadopago & else","Mi libro mayor","","Sabado - tati y yo"
"feb 07 2026 17:53","Comida","Expensas","-14800","Mercadopago & else","Mi libro mayor","","brule"
"feb 07 2026 17:53","Varios","Expensas","-9000","Mercadopago & else","Mi libro mayor","","chino tati"
"feb 01 2026 20:20","Comida","Expensas","-13900","Mercadopago & else","Mi libro mayor","","mi gusto"
"feb 01 2026 20:20","Comida","Expensas","-14000","Mercadopago & else","Mi libro mayor","","picada"
"feb 01 2026 20:19","Comida","Expensas","-2400","Mercadopago & else","Mi libro mayor","","medialunas"
"ene 31 2026 20:39","Comida","Expensas","-61800","Mercadopago & else","Mi libro mayor","","enso"
"ene 31 2026 03:46","Comida","Expensas","-19000","Mercadopago & else","Mi libro mayor","","mostaza creo"
"ene 30 2026 19:11","Varios","Expensas","-109000","Mercadopago & else","Mi libro mayor","","monotrib enero"
"ene 29 2026 17:11","Comida","Expensas","-4800","Mercadopago & else","Mi libro mayor","","pan au chocolat"
"ene 25 2026 21:59","Comida","Expensas","-25350","Mercadopago & else","Mi libro mayor","","comida tati y yo en lo de bren"
"ene 25 2026 17:37","Bebida ","Expensas","-53200","Mercadopago & else","Mi libro mayor","","jager"
"ene 25 2026 00:59","Comida","Expensas","-24400","Mercadopago & else","Mi libro mayor","","mc y super y todo"
"ene 24 2026 17:35","Comida","Expensas","-14200","Mercadopago & else","Mi libro mayor","","nrule"
"ene 21 2026 10:21","Coche","Expensas","-60000","Mercadopago & else","Mi libro mayor","","nafta"
"ene 21 2026 10:21","Comida","Expensas","-78000","Mercadopago & else","Mi libro mayor","","fujisna"
"ene 19 2026 21:00","Comida","Expensas","-24000","Mercadopago & else","Mi libro mayor","","mc con mi amor"
"ene 11 2026 00:10","Comida","Expensas","-26200","Mercadopago & else","Mi libro mayor","","cena en BUCHARRRDO"
"ene 07 2026 02:39","Comida","Expensas","-74200","Mercadopago & else","Mi libro mayor","","barrio chino comida"
"ene 06 2026 16:39","Corte de pelo","Expensas","-22000","Mercadopago & else","Mi libro mayor","","corte de pelo"
"ene 05 2026 17:12","Varios","Expensas","-75000","Mercadopago & else","Mi libro mayor","","maria"
"ene 03 2026 21:31","Comida","Expensas","-41560","Mercadopago & else","Mi libro mayor","","Ensito"
"ene 03 2026 16:04","Tati","Expensas","-38400","Mercadopago & else","Mi libro mayor","","vestido tati"
"ene 03 2026 02:08","Comida","Expensas","-10000","Mercadopago & else","Mi libro mayor","","mc nocturnk"
"ene 03 2026 02:08","Coche","Expensas","-55000","Mercadopago & else","Mi libro mayor","","nafta"
"dic 28 2025 17:22","Comida","Expensas","-20600","Mercadopago & else","Mi libro mayor","","subway"
"dic 28 2025 16:13","Comida","Expensas","-32800","Mercadopago & else","Mi libro mayor","","todo el dia de ayer"
"dic 28 2025 02:09","Comida","Expensas","-16000","Mercadopago & else","Mi libro mayor","","brule"
"dic 24 2025 16:08","Regalo","Expensas","-31900","Mercadopago & else","Mi libro mayor","","regalo maxi"
"dic 18 2025 15:38","Comida","Expensas","-13100","Mercadopago & else","Mi libro mayor","","brule c alan"
"dic 18 2025 13:39","Varios","Expensas","-10500","Mercadopago & else","Mi libro mayor","","las cosas del auto q no funcionan"
"dic 14 2025 21:40","Comida","Expensas","-29350","Mercadopago & else","Mi libro mayor","","comida en londe bren mas tati"
"dic 14 2025 17:19","Comida","Expensas","-30400","Mercadopago & else","Mi libro mayor","","merienda"
"dic 12 2025 15:14","vacacione","Expensas","-332154","Mercadopago & else","Mi libro mayor","","todo el resto del viaje"
"dic 12 2025 15:11","Coche","Expensas","-61000","Mercadopago & else","Mi libro mayor","","nafta"
"dic 10 2025 20:40","Regalo","Expensas","-114000","Mercadopago & else","Mi libro mayor","","mamuahcka y rapanui"
"dic 07 2025 15:20","Varios","Expensas","-40000","Mercadopago & else","Mi libro mayor","","tragos para los pibes y cosas"
"dic 06 2025 21:11","Varios","Expensas","-13000","Mercadopago & else","Mi libro mayor","","trago y guardarropa lelac"
"dic 03 2025 21:38","Juego","Expensas","-10000","Mercadopago & else","Mi libro mayor","","6 usd de juego en steam"
"dic 03 2025 17:38","Comida","Expensas","-16300","Mercadopago & else","Mi libro mayor","","brule"
"nov 29 2025 16:38","Comida","Expensas","-23500","Mercadopago & else","Mi libro mayor","","daltoki"
"nov 25 2025 21:36","Comida","Expensas","-19700","Mercadopago & else","Mi libro mayor","","cremolatti"
"nov 25 2025 17:15","Comida","Expensas","-8150","Mercadopago & else","Mi libro mayor","","brulecigo"
"nov 24 2025 17:15","Comida","Expensas","-19200","Mercadopago & else","Mi libro mayor","","cafe con tati"
"nov 23 2025 19:50","Comida","Expensas","-8709","Mercadopago & else","Mi libro mayor","","junatds dyd"
"nov 22 2025 23:24","Coche","Expensas","-62000","Mercadopago & else","Mi libro mayor","","nafta"
"nov 20 2025 02:50","Coche","Expensas","-4920","Mercadopago & else","Mi libro mayor","","tati"
"nov 16 2025 17:51","Comida","Expensas","-11900","Mercadopago & else","Mi libro mayor","","brule"
"nov 16 2025 01:40","Bebida ","Expensas","-24000","Mercadopago & else","Mi libro mayor","","2 cuba libre le re rompían el orto"
"nov 15 2025 22:02","Comida","Expensas","-32000","Mercadopago & else","Mi libro mayor","","comida barrio chinl"
"nov 15 2025 01:43","Varios","Expensas","-8000","Mercadopago & else","Mi libro mayor","","entrada sabi"
"nov 15 2025 01:39","Cine","Expensas","-13500","Mercadopago & else","Mi libro mayor","","cine"
"nov 14 2025 17:34","Comida","Expensas","-3500","Mercadopago & else","Mi libro mayor","","sanguche"
"nov 09 2025 13:57","Tati","Expensas","-13006","Mercadopago & else","Mi libro mayor","","didis tati"
"nov 09 2025 13:47","Coche","Expensas","-53000","Mercadopago & else","Mi libro mayor","","ypf"
"nov 09 2025 13:46","Comida","Expensas","-21920","Mercadopago & else","Mi libro mayor","","MCD"
"nov 08 2025 23:33","Bebida ","Expensas","-26992","Mercadopago & else","Mi libro mayor","","RAPPI ALCOHOL Y DEMAS"
"nov 08 2025 20:32","Super","Expensas","-30589","Mercadopago & else","Mi libro mayor","","CARREFOUR y GASA"
"nov 08 2025 04:09","Comida","Expensas","-19500","Mercadopago & else","Mi libro mayor","","mcc"
"nov 08 2025 02:08","Comida","Expensas","-18500","Mercadopago & else","Mi libro mayor","","lcoall"
"nov 07 2025 15:09","Varios","Expensas","-8000","Mercadopago & else","Mi libro mayor","","entrada local"
"nov 03 2025 01:54","Comida","Expensas","-17500","Mercadopago & else","Mi libro mayor","","mc con tati"
"nov 02 2025 22:04","Comida","Expensas","-7800","Mercadopago & else","Mi libro mayor","","empas lo de fran"
"nov 02 2025 16:04","Regalo","Expensas","-6750","Mercadopago & else","Mi libro mayor","","regalo valen y regalo tati"
"nov 02 2025 15:02","Comida","Expensas","-51000","Mercadopago & else","Mi libro mayor","","comida en tenri"
"oct 31 2025 14:41","Comida","Expensas","-1400","Mercadopago & else","Mi libro mayor","","aldajor"
"oct 28 2025 19:55","Comida","Expensas","-3500","Mercadopago & else","Mi libro mayor","","sangche"
"oct 28 2025 19:55","Coche","Expensas","-5780","Mercadopago & else","Mi libro mayor","","uber"
"oct 28 2025 15:04","Coche","Expensas","-6412","Mercadopago & else","Mi libro mayor","","uber"
"oct 27 2025 17:55","Comida","Expensas","-26900","Mercadopago & else","Mi libro mayor","","vedra"
"oct 27 2025 16:01","Coche","Expensas","-5400","Mercadopago & else","Mi libro mayor","","didiS"
"oct 27 2025 16:01","Varios","Expensas","-13000","Mercadopago & else","Mi libro mayor","","altitude .edias y agha"
"oct 27 2025 01:31","Varios","Expensas","-6000","Mercadopago & else","Mi libro mayor","","extracciones"
"oct 27 2025 01:31","Coche","Expensas","-46600","Mercadopago & else","Mi libro mayor","","nafta"
"oct 26 2025 22:30","Comida","Expensas","-43600","Mercadopago & else","Mi libro mayor","","cena izakaya"
"oct 26 2025 14:12","Comida","Expensas","-3300","Mercadopago & else","Mi libro mayor","","hielo"
"oct 26 2025 13:30","Comida","Expensas","-14900","Mercadopago & else","Mi libro mayor","","asado"
"oct 22 2025 03:09","Regalo","Expensas","-46000","Mercadopago & else","Mi libro mayor","","regalo bren"
"oct 22 2025 03:09","Médico","Expensas","-124700","Mercadopago & else","Mi libro mayor","","maria vet"
"oct 20 2025 17:30","Tati","Expensas","-40000","Mercadopago & else","Mi libro mayor","","altitude"
"oct 18 2025 20:46","Comida","Expensas","-5900","Mercadopago & else","Mi libro mayor","","merienda"
"oct 18 2025 19:57","Comida","Expensas","-52300","Mercadopago & else","Mi libro mayor","","enso"
"oct 17 2025 19:54","Comida","Expensas","-3500","Mercadopago & else","Mi libro mayor","","sanguche"
"oct 12 2025 17:41","Comida","Expensas","-8800","Mercadopago & else","Mi libro mayor","","fokin frappe"
"oct 12 2025 03:01","Comida","Expensas","-6503","Mercadopago & else","Mi libro mayor","","cookies n shit"
"oct 09 2025 19:48","Varios","Expensas","-7000","Mercadopago & else","Mi libro mayor","","burger maxi"
"oct 09 2025 03:02","Coche","Expensas","-3000","Mercadopago & else","Mi libro mayor","","uber tati"
"oct 08 2025 19:01","Varios","Expensas","-20000","Mercadopago & else","Mi libro mayor","","mic chino"
"oct 05 2025 13:18","Comida","Expensas","-18000","Mercadopago & else","Mi libro mayor","","mac con tati"
"oct 04 2025 02:59","Comida","Expensas","-12960","Mercadopago & else","Mi libro mayor","","su mac"
"oct 03 2025 12:20","Comida","Expensas","-1060","Mercadopago & else","Mi libro mayor","","el resto de subway"
"oct 03 2025 12:19","Varios","Expensas","-53500","Mercadopago & else","Mi libro mayor","","ysy a"
"oct 02 2025 16:19","Comida","Expensas","-20700","Mercadopago & else","Mi libro mayor","","merienda x tati"
"oct 01 2025 19:33","Coche","Expensas","-4000","Mercadopago & else","Mi libro mayor","","estacio"
"sept 30 2025 13:26","Coche","Expensas","-50000","Mercadopago & else","Mi libro mayor","","nafta"
"sept 28 2025 16:24","Comida","Expensas","-5339","Mercadopago & else","Mi libro mayor","","alfajores y cosas"
"sept 28 2025 03:40","Varios","Expensas","-55000","Mercadopago & else","Mi libro mayor","","silla"
"sept 28 2025 02:23","Comida","Expensas","-11000","Mercadopago & else","Mi libro mayor","","mac cln tati"
"sept 27 2025 18:01","Coche","Expensas","-7880","Mercadopago & else","Mi libro mayor","","uner tati"
"sept 26 2025 18:00","Comida","Expensas","-2900","Mercadopago & else","Mi libro mayor","","papitas"
"sept 21 2025 14:38","Ropa","Expensas","-35000","Mercadopago & else","Mi libro mayor","","camperass"
"sept 19 2025 12:19","Deporte","Expensas","-7700","Mercadopago & else","Mi libro mayor","","futbol mas caro del mundo"
"sept 19 2025 02:39","Coche","Expensas","-47200","Mercadopago & else","Mi libro mayor","","nafta"
"sept 18 2025 14:44","Comida","Expensas","-10000","Mercadopago & else","Mi libro mayor","","brule"
"sept 18 2025 14:43","junko","Expensas","-96395","Mercadopago & else","Mi libro mayor","","airbnb junko"
"sept 18 2025 14:42","vacacione","Expensas","-96395","Mercadopago & else","Mi libro mayor","","airbnb yo"
"sept 17 2025 20:45","Ropa","Expensas","-14000","Mercadopago & else","Mi libro mayor","","ropita en la feria de villurca"
"sept 16 2025 21:12","suscripcion","Expensas","-6287","Mercadopago & else","Mi libro mayor","","crunchyroll"
"sept 13 2025 19:13","Coche","Expensas","-20000","Mercadopago & else","Mi libro mayor","","nasta"
"sept 13 2025 19:13","Deporte","Expensas","-5000","Mercadopago & else","Mi libro mayor","","futbol"
"sept 13 2025 18:18","Comida","Expensas","-10000","Mercadopago & else","Mi libro mayor","","los tacos con todo y eso"
"sept 12 2025 16:20","Varios","Expensas","-208000","Mercadopago & else","Mi libro mayor","","el piso"
"sept 09 2025 17:07","Comida","Expensas","-2900","Mercadopago & else","Mi libro mayor","","batatas"
"sept 07 2025 13:26","Bebida ","Expensas","-3308","Mercadopago & else","Mi libro mayor","","alcohol"
"sept 07 2025 13:26","Comida","Expensas","-15650","Mercadopago & else","Mi libro mayor","","shawarma"
"sept 07 2025 13:26","Varios","Expensas","-70000","Mercadopago & else","Mi libro mayor","","pasaporte"
"sept 03 2025 16:41","Coche","Expensas","-11200","Mercadopago & else","Mi libro mayor","","uber a uba ida vuelta"
"ago 31 2025 18:30","Comida","Expensas","-3593","Mercadopago & else","Mi libro mayor","","cookie brother"
"ago 31 2025 18:29","Regalo","Expensas","-5960","Mercadopago & else","Mi libro mayor","","regalo bren"
"ago 30 2025 14:40","junko","Expensas","-86548","Mercadopago & else","Mi libro mayor","","vuelo junko"
"ago 30 2025 14:39","vacacione","Expensas","-86548","Mercadopago & else","Mi libro mayor","","vuelo a bariloche yo y valija"
"ago 29 2025 17:53","Comida","Expensas","-1200","Mercadopago & else","Mi libro mayor","","medialunas"
"ago 26 2025 18:39","Comida","Expensas","-3700","Mercadopago & else","Mi libro mayor","","sanguchutos"
"ago 24 2025 13:35","Comida","Expensas","-20120","Mercadopago & else","Mi libro mayor","","mcdonald"
"ago 24 2025 13:15","Tati","Expensas","-97000","Mercadopago & else","Mi libro mayor","","cena + propina"
"ago 24 2025 13:12","Coche","Expensas","-47000","Mercadopago & else","Mi libro mayor","","nafta"
"ago 23 2025 13:12","Tati","Expensas","-30000","Mercadopago & else","Mi libro mayor","","flores"
"ago 22 2025 13:11","Tati","Expensas","-4200","Mercadopago & else","Mi libro mayor","","kodak fotografica"
"ago 21 2025 22:59","Tecnología ","Expensas","-132000","Mercadopago & else","Mi libro mayor","","remodelar la ideapad"
"ago 21 2025 22:51","Tati","Expensas","-11600","Mercadopago & else","Mi libro mayor","","mousse"
"ago 15 2025 21:02","Comida","Expensas","-20500","Mercadopago & else","Mi libro mayor","","clubde quesos"
"ago 11 2025 01:56","Propina","Expensas","-10000","Mercadopago & else","Mi libro mayor","","propina"
"ago 11 2025 01:56","Comida","Expensas","-91400","Mercadopago & else","Mi libro mayor","","tony wu"
"ago 10 2025 03:13","Comida","Expensas","-1916","Mercadopago & else","Mi libro mayor","","picada"
"ago 10 2025 03:13","Coche","Expensas","-47000","Mercadopago & else","Mi libro mayor","","nafta"
"ago 09 2025 23:47","Comida","Expensas","-15440","Mercadopago & else","Mi libro mayor","","empanadas tati y yo"
"ago 09 2025 22:58","Super","Expensas","-8618","Mercadopago & else","Mi libro mayor","","alcohol y demas 8618"
"ago 08 2025 03:35","Varios","Expensas","-145000","Mercadopago & else","Mi libro mayor","","Silla nueva"
"ago 08 2025 02:36","Comida","Expensas","-2300","Mercadopago & else","Mi libro mayor","","pancho MID"
"ago 07 2025 21:41","Comida","Expensas","-40000","Mercadopago & else","Mi libro mayor","","enso"
"ago 04 2025 17:32","Comida","Expensas","-4000","Mercadopago & else","Mi libro mayor","","mid croissant"
"ago 04 2025 16:32","Médico","Expensas","-40300","Mercadopago & else","Mi libro mayor","","medicamentos psoriasis"
"ago 01 2025 15:02","Comida","Expensas","-25300","Mercadopago & else","Mi libro mayor","","BUO cafe"
"jul 31 2025 19:42","Regalo","Expensas","-4600","Mercadopago & else","Mi libro mayor","","regalo lala"
"jul 31 2025 14:10","Tecnología ","Expensas","-14000","Mercadopago & else","Mi libro mayor","","mouse inalamb"
"jul 26 2025 23:24","Bebida ","Expensas","-4930","Mercadopago & else","Mi libro mayor","","cocas"
"jul 26 2025 23:22","Comida","Expensas","-40500","Mercadopago & else","Mi libro mayor","","enso"
"jul 26 2025 23:22","Comida","Expensas","-21000","Mercadopago & else","Mi libro mayor","","queso"
"jul 23 2025 16:59","Coche","Expensas","-1980","Mercadopago & else","Mi libro mayor","","didi 2"
"jul 23 2025 15:40","Coche","Expensas","-3300","Mercadopago & else","Mi libro mayor","","didi ida dot"
"jul 22 2025 18:31","Comida","Expensas","-30000","Mercadopago & else","Mi libro mayor","","suss + propina"
"jul 20 2025 13:31","Comida","Expensas","-30250","Mercadopago & else","Mi libro mayor","","barrio chino comida"
"jul 19 2025 18:32","Coche","Expensas","-5111","Mercadopago & else","Mi libro mayor","","didi"
"jul 18 2025 12:33","Coche","Expensas","-42000","Mercadopago & else","Mi libro mayor","","nafta"
"jul 15 2025 16:31","Comida","Expensas","-33000","Mercadopago & else","Mi libro mayor","","merienda en suss + propa"
"jul 12 2025 22:50","Ropa","Expensas","-129744","Mercadopago & else","Mi libro mayor","","ropa en clrazon delator"
"jul 12 2025 22:49","Comida","Expensas","-10800","Mercadopago & else","Mi libro mayor","","orei ongiirs"
"jul 12 2025 17:19","Comida","Expensas","-11000","Mercadopago & else","Mi libro mayor","","merienda"
"jul 06 2025 18:06","Comida","Expensas","-19500","Mercadopago & else","Mi libro mayor","","vedra"
"jul 05 2025 19:06","Coche","Expensas","-7070","Mercadopago & else","Mi libro mayor","","didi de lo de ian"
"jul 05 2025 18:24","Comida","Expensas","-11200","Mercadopago & else","Mi libro mayor","","tatsy"
"jul 05 2025 18:23","Coche","Expensas","-5590","Mercadopago & else","Mi libro mayor","","didi a lo de ian"
"jun 30 2025 23:57","Tecnología ","Expensas","-180000","Mercadopago & else","Mi libro mayor","","grafica"
"jun 30 2025 01:10","Juego","Expensas","-2349","Crédito ","Mi libro mayor","","liar bar"
"jun 29 2025 19:29","Comida","Expensas","-2100","Crédito ","Mi libro mayor","","barritas kinder"
"jun 29 2025 18:29","Comida","Expensas","-10000","Crédito ","Mi libro mayor","","starbucks"
"jun 29 2025 15:25","Juego","Expensas","-22476","Crédito ","Mi libro mayor","","lies of p y crypt"
"jun 28 2025 19:28","Bebida ","Expensas","-11000","Crédito ","Mi libro mayor","","tragis microteatr"
"jun 27 2025 15:15","Comida","Expensas","-15500","Crédito ","Mi libro mayor","","almuerzo"
"jun 26 2025 17:14","Comida","Expensas","-1913","Crédito ","Mi libro mayor","","brule c rappicres"
"jun 25 2025 00:58","Juego","Expensas","-17747","Crédito ","Mi libro mayor","","el jueguito ete para junko !"
"jun 23 2025 21:42","Juego","Expensas","-4725","Crédito ","Mi libro mayor","","peak"
"jun 22 2025 21:09","Comida","Expensas","-32500","Crédito ","Mi libro mayor","","cena en noodles orei"
"jun 22 2025 16:09","Coche","Expensas","-4050","Crédito ","Mi libro mayor","","didi de tati a congres"
"jun 21 2025 16:16","Comida","Expensas","-15000","Crédito ","Mi libro mayor","","panchubis"
"jun 21 2025 16:15","Comida","Expensas","-14100","Crédito ","Mi libro mayor","","brochetas"
"jun 21 2025 14:43","Comida","Expensas","-19500","Crédito ","Mi libro mayor","","takoyaki"
"jun 20 2025 21:42","Comida","Expensas","-20500","Crédito ","Mi libro mayor","","club d elos quesos"
"jun 20 2025 18:09","Juego","Expensas","-16000","Crédito ","Mi libro mayor","","rematch"
"jun 18 2025 17:02","Comida","Expensas","-3000","Crédito ","Mi libro mayor","","sandiwhx"
"jun 18 2025 16:15","Coche","Expensas","-10560","Crédito ","Mi libro mayor","","didis miercoles"
"jun 16 2025 19:46","Coche","Expensas","-5547","Mercadopago & else","Mi libro mayor","","didi tati"
"jun 16 2025 13:46","Comida","Expensas","-24000","Mercadopago & else","Mi libro mayor","","almuerzo cine"
"jun 16 2025 12:46","Bebida ","Expensas","-6500","Mercadopago & else","Mi libro mayor","","coca cine"
"jun 09 2025 17:43","Varios","Expensas","-16800","Mercadopago & else","Mi libro mayor","","funda"
"jun 08 2025 22:43","Comida","Expensas","-80000","Mercadopago & else","Mi libro mayor","","fujisan"
"jun 08 2025 20:25","Coche","Expensas","-8100","Mercadopago & else","Mi libro mayor","","ubers a fujisan"
"jun 08 2025 18:42","Coche","Expensas","-6000","Mercadopago & else","Mi libro mayor","","uber"
"jun 08 2025 14:26","Tati","Expensas","-10000","Mercadopago & else","Mi libro mayor","","flores"
"jun 07 2025 18:25","Super","Expensas","-15123","Mercadopago & else","Mi libro mayor","","mousse"
"jun 06 2025 18:25","Comida","Expensas","-9500","Mercadopago & else","Mi libro mayor","","brule"
"jun 04 2025 18:25","Coche","Expensas","-11500","Mercadopago & else","Mi libro mayor","","uber"
"jun 04 2025 16:16","Tati","Expensas","-7500","Mercadopago & else","Mi libro mayor","","rifas"
"jun 04 2025 16:16","Coche","Expensas","-42000","Mercadopago & else","Mi libro mayor","","nafta"
"jun 01 2025 20:23","Comida","Expensas","-6500","Mercadopago & else","Mi libro mayor","","pizza y coca"
"jun 01 2025 20:06","Juego","Expensas","-5000","Mercadopago & else","Mi libro mayor","","poker"
"may 31 2025 20:19","Comida","Expensas","-3800","Mercadopago & else","Mi libro mayor","","tortillas"
"may 31 2025 20:18","Super","Expensas","-25336","Mercadopago & else","Mi libro mayor","","super + chiles + carne"
"may 28 2025 16:12","Comida","Expensas","-1400","Mercadopago & else","Mi libro mayor","","alfajor"
"may 28 2025 16:11","Coche","Expensas","-12000","Crédito ","Mi libro mayor","","didi y uber"
"may 28 2025 12:56","Tecnología ","Expensas","-34700","Crédito ","Mi libro mayor","","cargador"
"may 25 2025 22:05","Tecnología ","Expensas","-5600","Crédito ","Mi libro mayor","","pilas !"
"may 25 2025 21:05","Comida","Expensas","-38200","Crédito ","Mi libro mayor","","whatevurger y bebida"
"may 25 2025 16:05","Comida","Expensas","-10900","Crédito ","Mi libro mayor","","gorrion"
"may 24 2025 22:44","Comida","Expensas","-26600","Crédito ","Mi libro mayor","","shawarma y tati"
"may 23 2025 20:15","Tati","Expensas","-36300","Crédito ","Mi libro mayor","","regalo tati 1"
"may 21 2025 20:14","Coche","Expensas","-11600","Crédito ","Mi libro mayor","","uber ida y vuelta"
"may 21 2025 18:56"," uba","Expensas","-2000","Mercadopago & else","Mi libro mayor","","batatubis"
"may 19 2025 13:04","Deporte","Expensas","-34000","Mercadopago & else","Mi libro mayor","","gym"
"may 18 2025 15:57","Tecnología ","Expensas","-1045000","Efectivo","Mi libro mayor","","celular"
"may 18 2025 15:04"," uba","Expensas","-12250","Crédito ","Mi libro mayor","","brule"
"may 13 2025 16:03"," uba","Expensas","-800","Efectivo","Mi libro mayor","","medialunss"
"may 12 2025 14:27","Coche","Expensas","-40000","Crédito ","Mi libro mayor","","nafta"
"may 12 2025 14:26","Ropa","Expensas","-56000","Crédito ","Mi libro mayor","","zapas hot sake"
"may 11 2025 18:41","Comida","Expensas","-30100","Efectivo","Mi libro mayor","","cocas y mr ho"
"may 10 2025 19:17","Tecnología ","Expensas","-107720","Mercadopago & else","Mi libro mayor","","gabinete"
"may 10 2025 19:17","Varios","Expensas","-50000","Mercadopago & else","Mi libro mayor","","calcu"
"may 10 2025 14:52","Comida","Expensas","-4500","Mercadopago & else","Mi libro mayor","","kinder"
"may 08 2025 01:34","Juego","Expensas","-10000","Mercadopago & else","Mi libro mayor","","stake"
"may 08 2025 01:34","Coche","Expensas","-13180","Crédito ","Mi libro mayor","","uber ida y vuelta"
"may 04 2025 11:28","Comida","Expensas","-40000","Crédito ","Mi libro mayor","","sushi"
"may 03 2025 17:15","Varios","Expensas","-6900","Mercadopago & else","Mi libro mayor","","parking y cocas"
"may 03 2025 14:14","Comida","Expensas","-37300","Crédito ","Mi libro mayor","","ronda raclette"
"may 03 2025 02:14","Varios","Expensas","-12700","Mercadopago & else","Mi libro mayor","","ysy a abril+mayo"
"may 03 2025 02:10","Comida","Expensas","-20000","Efectivo","Mi libro mayor","","cena en el hungaro"
"may 02 2025 17:27","Tecnología ","Expensas","-18414","Crédito ","Mi libro mayor","","Monitor nuevo!"
"may 02 2025 13:14","Comida","Expensas","-29800","Crédito ","Mi libro mayor","","almuerzo cantina"
"abr 30 2025 17:28"," uba","Expensas","-2800","Mercadopago & else","Mi libro mayor","","sanguch"
"abr 26 2025 19:49","Comida","Expensas","-6000","Mercadopago & else","Mi libro mayor","","merienda en POCHO"
"abr 26 2025 19:46","Cine","Expensas","-7950","Mercadopago & else","Mi libro mayor","","entradas del cine y coca"
"abr 26 2025 19:44","Tecnología ","Expensas","-50000","Mercadopago & else","Mi libro mayor","","arreglo de celu"
"abr 25 2025 19:44"," uba","Expensas","-1800","Efectivo","Mi libro mayor","","medialunas"
"abr 25 2025 16:18","Coche","Expensas","-30000","Crédito ","Mi libro mayor","","nafta"
"abr 25 2025 16:18","Ropa","Expensas","-30000","Crédito ","Mi libro mayor","","ropa"
"abr 21 2025 17:22","Coche","Expensas","-3000","Efectivo","Mi libro mayor","","parking"
"abr 19 2025 13:44","Varios","Expensas","-5000","Crédito ","Mi libro mayor","","aritos"
"abr 19 2025 12:45","Comida","Expensas","-20500","Crédito ","Mi libro mayor","","TAKOYAKI"
"abr 17 2025 22:41","Comida","Expensas","-9950","Crédito ","Mi libro mayor","","milanwsa"
"abr 16 2025 19:40"," uba","Expensas","-3300","Crédito ","Mi libro mayor","","santuche"
"abr 15 2025 15:40"," uba","Expensas","-1400","Efectivo","Mi libro mayor","","alfsjor"
"abr 15 2025 12:40","Coche","Expensas","-12213","Crédito ","Mi libro mayor","","ubers"
"abr 15 2025 12:07","Deporte","Expensas","-34000","Efectivo","Mi libro mayor","","GYN"
"abr 14 2025 16:02","Coche","Expensas","-30000","Efectivo","Mi libro mayor","","nasta"
"abr 12 2025 18:11","Super","Expensas","-14200","Efectivo","Mi libro mayor","","lemon pie para mi cumple"
"abr 10 2025 18:10","Varios","Expensas","-10200","Efectivo","Mi libro mayor","","shampoo"
"abr 09 2025 18:10"," uba","Expensas","-3300","Efectivo","Mi libro mayor","","sanguche"
"abr 06 2025 13:39","Comida","Expensas","-21200","Efectivo","Mi libro mayor","","brule"
"abr 05 2025 23:59","Juego","Expensas","-10000","Efectivo","Mi libro mayor","","plata para q tati timbee"
"abr 05 2025 23:37","Comida","Expensas","-25500","Efectivo","Mi libro mayor","","lo de kato"
"abr 05 2025 23:36","Comida","Expensas","-27300","Efectivo","Mi libro mayor","","juntada cumple"
"abr 04 2025 23:09","Comida","Expensas","-11180","Crédito ","Mi libro mayor","","mc x rappa"
"abr 04 2025 22:09","Comida","Expensas","-3000","Efectivo","Mi libro mayor","","arabe jyq"
"abr 04 2025 18:09","Comida","Expensas","-600","Efectivo","Mi libro mayor","","bola de fraile"
"abr 04 2025 18:09","Coche","Expensas","-3000","Efectivo","Mi libro mayor","","estacio"
"abr 04 2025 18:09","Corte de pelo","Expensas","-13000","Efectivo","Mi libro mayor","","pelucqueri"
"abr 02 2025 23:08","Tecnología ","Expensas","-18414","Crédito ","Mi libro mayor","","Monitor nuevo!"
"abr 02 2025 04:03","Comida","Expensas","-28000","Efectivo","Mi libro mayor","","shawarma c tati"
"abr 01 2025 15:03","Comida","Expensas","-1500","Efectivo","Mi libro mayor","","sus palitos"
"mar 31 2025 23:08"," uba","Expensas","-4200","Efectivo","Mi libro mayor","","medialunss y batatas"
"mar 29 2025 23:10","Comida","Expensas","-4200","Mercadopago & else","Mi libro mayor","","banchos"
"mar 28 2025 23:25","Juego","Expensas","-6800","Mercadopago & else","Mi libro mayor","","repo para la floa"
"mar 28 2025 23:25"," uba","Expensas","-1700","Efectivo","Mi libro mayor","","medialunas y parking"
"mar 23 2025 20:07","Comida","Expensas","-9300","Efectivo","Mi libro mayor","","gorrion"
"mar 21 2025 18:43"," uba","Expensas","-4400","Efectivo","Mi libro mayor","","estaciónamienti y alfsjor"
"mar 21 2025 18:43","Coche","Expensas","-20000","Efectivo","Mi libro mayor","","nafta"
"mar 20 2025 20:08","Comida","Expensas","-31500","Efectivo","Mi libro mayor","","enso"
"mar 19 2025 18:41"," uba","Expensas","-2800","Efectivo","Mi libro mayor","","sanguche uba"
"mar 19 2025 18:41","Tecnología ","Expensas","-64000","Crédito ","Mi libro mayor","","cooler master 212"
"mar 16 2025 20:45","Timba","Expensas","-10000","Efectivo","Mi libro mayor","","póker"
"mar 15 2025 16:39","Bebida ","Expensas","-2200","Mercadopago & else","Mi libro mayor","","una coca re cara"
"mar 15 2025 16:39","Comida","Expensas","-6800","Mercadopago & else","Mi libro mayor","","bebidas alcohol takis etc"
"mar 15 2025 16:38","Comida","Expensas","-3850","Mercadopago & else","Mi libro mayor","","chopane"
"mar 15 2025 16:22","Comida","Expensas","-26500","Efectivo","Mi libro mayor","","brule para todos"
"mar 14 2025 23:38","Bebida ","Expensas","-4100","Mercadopago & else","Mi libro mayor","","coca"
"mar 14 2025 21:37","Comida","Expensas","-11500","Mercadopago & else","Mi libro mayor","","rmsen bren"
"mar 10 2025 19:13","Ropa","Expensas","-95500","Mercadopago & else","Mi libro mayor","","mil cosa"
"mar 08 2025 13:37","Comida","Expensas","-11600","Mercadopago & else","Mi libro mayor","","KFC (deudas en wpp)"
"mar 08 2025 10:37","Coche","Expensas","-30000","Mercadopago & else","Mi libro mayor","","nadta"
"mar 07 2025 23:36","Comida","Expensas","-9900","Mercadopago & else","Mi libro mayor","","mcdonalds bren"
"mar 07 2025 16:59","Me la mande","Expensas","-9700","Crédito ","Mi libro mayor","","cosas de la mousse fallida"
"mar 07 2025 16:59","Tati","Expensas","-6600","Crédito ","Mi libro mayor","","didi tati"
"mar 07 2025 16:59","Tati","Expensas","-81000","Crédito ","Mi libro mayor","","disco duro tati"
"mar 03 2025 19:34","Coche","Expensas","-4500","Mercadopago & else","Mi libro mayor","","uber a casa"
"mar 03 2025 14:33","Comida","Expensas","-7796","Mercadopago & else","Mi libro mayor","","resto de la juntada + uber a lo d ian"
"mar 02 2025 21:29","Comida","Expensas","-26100","Mercadopago & else","Mi libro mayor","","mcdonalds tasty + nuggets tati + hamburguesa con queso"
"mar 02 2025 19:33","Coche","Expensas","-2500","Mercadopago & else","Mi libro mayor","","uber a lo de tati"
"mar 02 2025 13:47","Tecnología ","Expensas","-18414","Crédito ","Mi libro mayor","","Monitor nuevo!"
"mar 02 2025 12:36","perfume","Expensas","-78000","Crédito ","Mi libro mayor","","perfume cuota 3"
"feb 28 2025 12:36","vacacione","Expensas","-473916","Mercadopago & else","Mi libro mayor","","todo el viaje a buhriloche"
"feb 23 2025 09:16","Bebida ","Expensas","-3000","Mercadopago & else","Mi libro mayor","","agua y cafe aeropuerto"
"feb 22 2025 20:16","Comida","Expensas","-106000","Crédito ","Mi libro mayor","","pf chabgs + propina"
"feb 21 2025 22:15","Comida","Expensas","-142000","Efectivo","Mi libro mayor","","sushi y propina cumple mamá"
"feb 21 2025 17:14","Comida","Expensas","-13000","Efectivo","Mi libro mayor","","brule"
"feb 20 2025 21:13","Comida","Expensas","-4530","Crédito ","Mi libro mayor","","tasta"
"feb 16 2025 02:39","Bebida ","Expensas","-4100","Crédito ","Mi libro mayor","","3 coquinis"
"feb 15 2025 22:39","Comida","Expensas","-4590","Mercadopago & else","Mi libro mayor","","mc 70 off"
"feb 15 2025 22:38","Coche","Expensas","-15000","Crédito ","Mi libro mayor","","nafta 2"
"feb 15 2025 18:37","Coche","Expensas","-2800","Mercadopago & else","Mi libro mayor","","estacionamiento dot"
"feb 15 2025 18:37","Ropa","Expensas","-59000","Crédito ","Mi libro mayor","","ropa barata"
"feb 15 2025 17:40","Comida","Expensas","-15000","Crédito ","Mi libro mayor","","brule"
"feb 14 2025 21:37","Coche","Expensas","-10000","Mercadopago & else","Mi libro mayor","","nafta"
"feb 13 2025 04:32","Comida","Expensas","-6000","Mercadopago & else","Mi libro mayor","","mc 70 off"
"feb 09 2025 18:55","Comida","Expensas","-8000","Mercadopago & else","Mi libro mayor","","cookiieees"
"feb 09 2025 14:45","Comida","Expensas","-7850","Mercadopago & else","Mi libro mayor","","barrio chino - takoyaki"
"feb 09 2025 13:54","Comida","Expensas","-6300","Mercadopago & else","Mi libro mayor","","barrio chino - pinchos"
"feb 08 2025 03:01","Deporte","Expensas","-3750","Mercadopago & else","Mi libro mayor","","fobal"
"feb 07 2025 17:01","Comida","Expensas","-19000","Efectivo","Mi libro mayor","","brule"
"feb 02 2025 15:59","Varios","Expensas","-6350","Mercadopago & else","Mi libro mayor","","ysy a"
"feb 02 2025 02:58","perfume","Expensas","-78000","Crédito ","Mi libro mayor","","perfume cuota 2"
"feb 02 2025 01:53","Tecnología ","Expensas","-18414","Crédito ","Mi libro mayor","","Monitor nuevo!"
"feb 01 2025 03:00","Comida","Expensas","-4480","Mercadopago & else","Mi libro mayor","","papas!"
"feb 01 2025 01:55","Coche","Expensas","-31020","Mercadopago & else","Mi libro mayor","","nadta"
"ene 31 2025 17:55","Comida","Expensas","-16500","Efectivo","Mi libro mayor","","btule"
"ene 29 2025 23:48","Comida","Expensas","-4900","Mercadopago & else","Mi libro mayor","","Cremolatti"
"ene 29 2025 23:48","Propina","Expensas","-2000","Efectivo","Mi libro mayor","","propina"
"ene 29 2025 23:48","Comida","Expensas","-32900","Mercadopago & else","Mi libro mayor","","Al zein"
"ene 29 2025 01:47","Comida","Expensas","-8940","Mercadopago & else","Mi libro mayor","","mc con luci"
"ene 26 2025 16:17","Comida","Expensas","-9200","Mercadopago & else","Mi libro mayor","","tasty 2"
"ene 26 2025 03:17","Comida","Expensas","-6370","Mercadopago & else","Mi libro mayor","","primera tasty"
"ene 25 2025 22:18","Comida","Expensas","-11800","Mercadopago & else","Mi libro mayor","","hamburguesa narco"
"ene 25 2025 20:15","Super","Expensas","-7944","Efectivo","Mi libro mayor","","super + non pago de tati y nahu"
"ene 25 2025 18:34","Comida","Expensas","-29350","Efectivo","Mi libro mayor","","brule para todo"
"ene 25 2025 00:40","Comida","Expensas","-4480","Mercadopago & else","Mi libro mayor","","PAPAS"
"ene 23 2025 17:41","Tati","Expensas","-37200","Efectivo","Mi libro mayor","","ropa de tati"
"ene 23 2025 17:39","Comida","Expensas","-22400","Mercadopago & else","Mi libro mayor","","merienda elvira"
"ene 19 2025 23:02","Timba","Expensas","-4000","Mercadopago & else","Mi libro mayor","","poker"
"ene 19 2025 23:02","Comida","Expensas","-15878","Mercadopago & else","Mi libro mayor","","asado maxi"
"ene 19 2025 19:04","Coche","Expensas","-31000","Mercadopago & else","Mi libro mayor","","nafta"
"ene 18 2025 17:31","Bebida ","Expensas","-4200","Efectivo","Mi libro mayor","","facturas"
"ene 17 2025 19:12","Bebida ","Expensas","-3400","Mercadopago & else","Mi libro mayor","","cocas"
"ene 17 2025 19:11","Ropa","Expensas","-15000","Efectivo","Mi libro mayor","","dos sueters"
"ene 17 2025 17:04","Bebida ","Expensas","-1800","Mercadopago & else","Mi libro mayor","","coca nado"
"ene 16 2025 20:36","Comida","Expensas","-8300","Crédito ","Mi libro mayor","","mcdonalds cln tati (50% mastercad)"
"ene 16 2025 16:34","Bebida ","Expensas","-19300","Crédito ","Mi libro mayor","","ratio cafe"
"ene 15 2025 22:29","Bebida ","Expensas","-5600","Crédito ","Mi libro mayor","","cocas"
"ene 15 2025 18:08","Comida","Expensas","-30000","Mercadopago & else","Mi libro mayor","","dorayaki"
"ene 15 2025 18:08","Varios","Expensas","-6350","Mercadopago & else","Mi libro mayor","","cuota ysy"
"ene 14 2025 16:37","Comida","Expensas","-12000","Crédito ","Mi libro mayor","","lele cookies"
"ene 13 2025 22:07","Cine","Expensas","-10700","Mercadopago & else","Mi libro mayor","","cocas, pochoclos y entrada cind"
"ene 13 2025 20:05","Comida","Expensas","-8900","Mercadopago & else","Mi libro mayor","","mcdonalds pre cine"
"ene 12 2025 18:39","Coche","Expensas","-5660","Crédito ","Mi libro mayor","","didi"
"ene 12 2025 18:04","Comida","Expensas","-6850","Crédito ","Mi libro mayor","","comemos en Praliné"
"ene 12 2025 17:49","perfume","Expensas","-78000","Crédito ","Mi libro mayor","","perfume CUOTA 1 (con 10% de reinteg)"
"ene 12 2025 17:48","Comida","Expensas","-9000","Crédito ","Mi libro mayor","","kiddo"
"ene 12 2025 17:48","Comida","Expensas","-19200","Crédito ","Mi libro mayor","","enso"
"ene 12 2025 12:38","Coche","Expensas","-5410","Crédito ","Mi libro mayor","","didi a enso"
"ene 11 2025 21:40","Comida","Expensas","-55000","Crédito ","Mi libro mayor","","coMIDa en nanten"
"ene 11 2025 17:45","Comida","Expensas","-18120","Crédito ","Mi libro mayor","","brownie planet"
"ene 09 2025 16:33","Regalo","Expensas","-33800","Crédito ","Mi libro mayor","","el jean de luci"
"ene 09 2025 16:32","Ropa","Expensas","-30000","Crédito ","Mi libro mayor","","bermuda sn cristoabl"
"ene 08 2025 19:18","Coche","Expensas","-3840","Crédito ","Mi libro mayor","","didi"
"ene 08 2025 16:39","Coche","Expensas","-5000","Crédito ","Mi libro mayor","","uber"
"ene 08 2025 16:35","Comida","Expensas","-14800","Crédito ","Mi libro mayor","","vedra"
"ene 08 2025 16:31","vacacione","Expensas","-143395","Mercadopago & else","Mi libro mayor","","mi airbnb (tati me pago 125usd cash)"
"ene 08 2025 16:31","vacacione","Expensas","-180000","Crédito ","Mi libro mayor","","vuelos a Bariloche"
"ene 03 2025 13:57","Propina","Expensas","-10000","Efectivo","Mi libro mayor","","propa"
"ene 03 2025 13:56","Comida","Expensas","-128900","Crédito ","Mi libro mayor","","cena en meiji"
"ene 03 2025 13:56","Coche","Expensas","-8500","Crédito ","Mi libro mayor","","dos didis"
"ene 02 2025 18:18","Tecnología ","Expensas","-18414","Crédito ","Mi libro mayor","","Monitor nuevo!"
"dic 30 2024 18:19","Comida","Expensas","-20000","Mercadopago & else","Mi libro mayor","","ramen tati"
"dic 30 2024 18:18","Comida","Expensas","-22500","Mercadopago & else","Mi libro mayor","","ramen"
"dic 29 2024 15:32","Comida","Expensas","-3000","Mercadopago & else","Mi libro mayor","","carne y pan"
"dic 29 2024 15:30","Super","Expensas","-1828","Mercadopago & else","Mi libro mayor","","chino 1 baggio y cosas"
"dic 29 2024 15:30","Super","Expensas","-1528","Mercadopago & else","Mi libro mayor","","chino 2 cocas y birra"
"dic 29 2024 15:29","Super","Expensas","-2000","Mercadopago & else","Mi libro mayor","","verduras y demas a maxi"
"dic 29 2024 15:29","Bebida ","Expensas","-1400","Mercadopago & else","Mi libro mayor","","cocas a valen"
"dic 29 2024 15:29","Comida","Expensas","-12300","Efectivo","Mi libro mayor","","dos tastys"
"dic 28 2024 16:20","Comida","Expensas","-12300","Efectivo","Mi libro mayor","","brule"
"dic 27 2024 18:02","Corte de pelo","Expensas","-9900","Mercadopago & else","Mi libro mayor","","cortw"
"dic 22 2024 18:23","Comida","Expensas","-9360","Efectivo","Mi libro mayor","","merienda gorrión"
"dic 22 2024 18:23","Comida","Expensas","-10600","Mercadopago & else","Mi libro mayor","","asaduna"
"dic 22 2024 18:23","Bebida ","Expensas","-4849","Crédito ","Mi libro mayor","","cocas duna"
"dic 15 2024 22:01","Bebida ","Expensas","-1750","Efectivo","Mi libro mayor","","coca"
"dic 15 2024 22:01","Coche","Expensas","-12930","Mercadopago & else","Mi libro mayor","","uber ysy"
"dic 14 2024 20:23","Comida","Expensas","-17640","Mercadopago & else","Mi libro mayor","","mc nocta"
"dic 14 2024 20:23","Comida","Expensas","-20400","Crédito ","Mi libro mayor","","brule"
"dic 13 2024 20:23","Coche","Expensas","-43028","Crédito ","Mi libro mayor","","nasta"
"dic 12 2024 08:58","Coche","Expensas","-7212","Mercadopago & else","Mi libro mayor","","uber"
"dic 09 2024 15:19","Comida","Expensas","-10000","Mercadopago & else","Mi libro mayor","","3panchos y2 cocas"
"dic 09 2024 15:18","Autobús","Expensas","-2000","Efectivo","Mi libro mayor","","sub3"
"dic 07 2024 21:54","Comida","Expensas","-14400","Efectivo","Mi libro mayor","","kaedama, ajitama, dorayaki (x2 todo)"
"dic 07 2024 21:10","Comida","Expensas","-33750","Efectivo","Mi libro mayor","","ramen"
"dic 06 2024 21:09","Comida","Expensas","-36100","Efectivo","Mi libro mayor","","pollo frito"
"dic 06 2024 17:35","Comida","Expensas","-12700","Crédito ","Mi libro mayor","","brule"
"dic 04 2024 13:26","Varios","Expensas","-12650","Mercadopago & else","Mi libro mayor","","ysya maxi y yo cuota 1"
"dic 02 2024 22:37","Tecnología ","Expensas","-18414","Crédito ","Mi libro mayor","","Monitor nuevo!"
"dic 02 2024 01:33","Varios","Expensas","-5999","Mercadopago & else","Mi libro mayor","","meli 6"
"dic 01 2024 22:41","Bebida ","Expensas","-3200","Efectivo","Mi libro mayor","","2 cocas"
"dic 01 2024 22:37","Comida","Expensas","-6430","Mercadopago & else","Mi libro mayor","","mcdonalds"
"nov 28 2024 13:37","Comida","Expensas","-16050","Mercadopago & else","Mi libro mayor","","brule"
"nov 26 2024 01:07","Varios","Expensas","-8900","Mercadopago & else","Mi libro mayor","","cuota ysy a mia y maxi"
"nov 24 2024 21:54","Comida","Expensas","-11270","Mercadopago & else","Mi libro mayor","","mac"
"nov 23 2024 21:29","Comida","Expensas","-8000","Mercadopago & else","Mi libro mayor","","dorayaki"
"nov 23 2024 21:29","Comida","Expensas","-37500","Mercadopago & else","Mi libro mayor","","ramen"
"nov 23 2024 21:28","Comida","Expensas","-19200","Mercadopago & else","Mi libro mayor","","ribs al rio"
"nov 23 2024 21:28","Comida","Expensas","-12759","Crédito ","Mi libro mayor","","merienda tati"
"nov 23 2024 21:25","Comida","Expensas","-4405","Crédito ","Mi libro mayor","","rappi takis"
"nov 17 2024 15:31","Coche","Expensas","-40000","Crédito ","Mi libro mayor","","nafta"
"nov 16 2024 15:28","Comida","Expensas","-5500","Efectivo","Mi libro mayor","+5500","brochetas y coca"
"nov 16 2024 14:24","Comida","Expensas","-5500","Efectivo","Mi libro mayor","","boludeces"
"nov 16 2024 14:23","Bebida ","Expensas","-2500","Efectivo","Mi libro mayor","+2500","otra coca"
"nov 16 2024 13:57","Bebida ","Expensas","-5000","Efectivo","Mi libro mayor","","coca"
"nov 16 2024 13:48","Comida","Expensas","-13200","Efectivo","Mi libro mayor","+6900","takoyaki"
"nov 15 2024 16:44","Varios","Expensas","-32000","Mercadopago & else","Mi libro mayor","","Google One 100gb"
"nov 15 2024 16:44","Comida","Expensas","-6800","Mercadopago & else","Mi libro mayor","","pokes Enrique"
"nov 15 2024 16:41","Tecnología ","Expensas","-226000","Crédito ","Mi libro mayor","","fuente"
"nov 10 2024 01:45","Comida","Expensas","-12320","Mercadopago & else","Mi libro mayor","","mc con tati"
"nov 08 2024 15:49","Comida","Expensas","-2000","Mercadopago & else","Mi libro mayor","","panchig"
"nov 08 2024 15:49","Comida","Expensas","-1300","Mercadopago & else","Mi libro mayor","","alfajo"
"nov 06 2024 23:06","Comida","Expensas","-9500","Mercadopago & else","Mi libro mayor","","tatsy"
"nov 06 2024 22:51","Comida","Expensas","-9000","Mercadopago & else","Mi libro mayor","","ysy a pancho y agua"
"nov 05 2024 17:13","Bebida ","Expensas","-1600","Mercadopago & else","Mi libro mayor","","coke"
"nov 05 2024 17:13","Comida","Expensas","-2400","Mercadopago & else","Mi libro mayor","","cookie"
"nov 05 2024 17:13","Juego","Expensas","-3000","Mercadopago & else","Mi libro mayor","","timba"
"nov 03 2024 23:20","Propina","Expensas","-5000","Efectivo","Mi libro mayor","","peopina"
"nov 03 2024 23:19","Comida","Expensas","-53800","Crédito ","Mi libro mayor","","ramen chinofino"
"nov 02 2024 23:19","Coche","Expensas","-10000","Efectivo","Mi libro mayor","","nafta"
"nov 02 2024 18:53","Tecnología ","Expensas","-18414","Crédito ","Mi libro mayor","","Monitor nuevo!"
"nov 02 2024 17:48","Comida","Expensas","-26000","Crédito ","Mi libro mayor","","merienda"
"oct 30 2024 19:43","Varios","Expensas","-20700","Crédito ","Mi libro mayor","","ysy a"
"oct 29 2024 18:54","Varios","Expensas","-8000","Mercadopago & else","Mi libro mayor","","el service de mam"
"oct 27 2024 18:53","Comida","Expensas","-18800","Efectivo","Mi libro mayor","","brule"
"oct 27 2024 02:50","Propina","Expensas","-32000","Efectivo","Mi libro mayor","","Niño gordo, propina"
"oct 27 2024 02:49","Comida","Expensas","-327800","Crédito ","Mi libro mayor","","Niño gordo dia de la madre"
"oct 26 2024 18:54","Comida","Expensas","-15470","Mercadopago & else","Mi libro mayor","","mac c tati"
"oct 25 2024 17:47","Varios","Expensas","-5957","Mercadopago & else","Mi libro mayor","","ytp"
"oct 25 2024 17:45","Comida","Expensas","-5700","Efectivo","Mi libro mayor","","brule alone"
"oct 24 2024 13:47","Gasto Grande Obligatorio","Expensas","-775000","Efectivo","Mi libro mayor","","mecanico, parte 2"
"oct 24 2024 13:47","Varios","Expensas","-4450","Mercadopago & else","Mi libro mayor","","ysy a cuota 5"
"oct 20 2024 15:30","Comida","Expensas","-6090","Mercadopago & else","Mi libro mayor","","tasty"
"oct 20 2024 15:29","Deporte","Expensas","-6000","Mercadopago & else","Mi libro mayor","","futbol (extra pq cobre 5k y nl 5066)"
"oct 19 2024 01:30","Comida","Expensas","-6090","Mercadopago & else","Mi libro mayor","","tasty viernes"
"oct 18 2024 19:07","Comida","Expensas","-1950","Efectivo","Mi libro mayor","","mwdialunas"
"oct 17 2024 16:51","Bebida ","Expensas","-1600","Efectivo","Mi libro mayor","","cocucha"
"oct 15 2024 20:48","Comida","Expensas","-4700","Efectivo","Mi libro mayor","","cookie y snaguchuto"
"oct 15 2024 13:04","Bebida ","Expensas","-1600","Efectivo","Mi libro mayor","","COCA COLA NADO"
"oct 15 2024 02:58","Varios","Expensas","-3600","Mercadopago & else","Mi libro mayor","","Foster no me pago"
"oct 15 2024 02:57","Comida","Expensas","-7900","Mercadopago & else","Mi libro mayor","","merienda en buo"
"oct 14 2024 19:06","Gasto Grande Obligatorio","Expensas","-775000","Efectivo","Mi libro mayor","","Mecanico parte 1"
"oct 13 2024 16:50","Comida","Expensas","-6090","Mercadopago & else","Mi libro mayor","","mac"
"oct 12 2024 06:11","Comida","Expensas","-10075","Mercadopago & else","Mi libro mayor","","empas y cocas post"
"oct 11 2024 23:22","Deporte","Expensas","-4750","Mercadopago & else","Mi libro mayor","","futbol"
"oct 11 2024 23:22","Comida","Expensas","-13450","Crédito ","Mi libro mayor","","brule"
"oct 11 2024 16:51","Juego","Expensas","-80500","Mercadopago & else","Mi libro mayor","","metaphor"
"oct 08 2024 12:08","Comida","Expensas","-2400","Mercadopago & else","Mi libro mayor","","cookie"
"oct 06 2024 12:06","Comida","Expensas","-9900","Mercadopago & else","Mi libro mayor","","cookie brother"
"oct 05 2024 13:06","Coche","Expensas","-34000","Mercadopago & else","Mi libro mayor","","nafta"
"oct 05 2024 13:05","Comida","Expensas","-10150","Mercadopago & else","Mi libro mayor","","mcdonalds"
"oct 05 2024 13:05","Comida","Expensas","-8500","Mercadopago & else","Mi libro mayor","","empanadas"
"oct 05 2024 13:05","Comida","Expensas","-1300","Mercadopago & else","Mi libro mayor","","uba agua y medialunna"
"oct 03 2024 16:53","Tati","Expensas","-16666","Crédito ","Mi libro mayor","","campera tati cuota 3"
"oct 02 2024 17:16","Tecnología ","Expensas","-18414","Crédito ","Mi libro mayor","","Monitor nuevo!"
"oct 02 2024 17:09","Autobús","Expensas","-3000","Mercadopago & else","Mi libro mayor","","sube"
"oct 02 2024 17:09","Comida","Expensas","-2400","Mercadopago & else","Mi libro mayor","","cookie red velvet en uba"
"oct 01 2024 17:22","Premios","Ingreso","+5000","Mercadopago & else","Mi libro mayor","","timbq"
"oct 01 2024 17:20","Comida","Expensas","-2700","Efectivo","Mi libro mayor","","snaguchws uba"
"oct 01 2024 17:20","Comida","Expensas","-6195","Mercadopago & else","Mi libro mayor","","tasty"
"oct 01 2024 17:16","Deporte","Expensas","-5500","Mercadopago & else","Mi libro mayor","","fubol"
"sept 29 2024 13:53","Varios","Expensas","-3680","Mercadopago & else","Mi libro mayor","","algo"
"sept 29 2024 13:53","Comida","Expensas","-17800","Crédito ","Mi libro mayor","","vedra merienda"
"sept 29 2024 13:52","Comida","Expensas","-20750","Mercadopago & else","Mi libro mayor","","sarkis"
"sept 28 2024 03:07","Comida","Expensas","-5950","Mercadopago & else","Mi libro mayor","","tatsy"
"sept 28 2024 03:07","Varios","Expensas","-5900","Mercadopago & else","Mi libro mayor","","ytpremium"
"sept 28 2024 02:09","Comida","Expensas","-9800","Crédito ","Mi libro mayor","","brule"
"sept 25 2024 18:35","Comida","Expensas","-4400","Mercadopago & else","Mi libro mayor","","cookie y pancho uba"
"sept 24 2024 17:08","Coche","Expensas","-4700","Crédito ","Mi libro mayor","","uber"
"sept 23 2024 16:33","Comida","Expensas","-11200","Mercadopago & else","Mi libro mayor","","almuerzo c tati"
"sept 22 2024 06:58","Premios","Ingreso","+3000","Efectivo","Mi libro mayor","","gane poker"
"sept 22 2024 06:56","Super","Expensas","-3000.5","Crédito ","Mi libro mayor","","lo demas a tati y valen"
"sept 21 2024 22:55","Super","Expensas","-10020","Crédito ","Mi libro mayor","+8588","carrefour"
"sept 19 2024 19:19","Super","Expensas","-1192","Mercadopago & else","Mi libro mayor","+596","aceite maxi y yo"
"sept 19 2024 13:54","Super","Expensas","-2874","Mercadopago & else","Mi libro mayor","","cosas pal sabado"
"sept 19 2024 13:53","Comida","Expensas","-10830","Mercadopago & else","Mi libro mayor","","mc madrugón"
"sept 19 2024 13:53","Comida","Expensas","-2050","Mercadopago & else","Mi libro mayor","","3 mlunas"
"sept 18 2024 16:00","Regalo","Expensas","-6390","Mercadopago & else","Mi libro mayor","","juego dst kato"
"sept 18 2024 16:00","Gasto Grande Obligatorio","Expensas","-396277","Crédito ","Mi libro mayor","","partes auto"
"sept 17 2024 15:59","Comida","Expensas","-2400","Mercadopago & else","Mi libro mayor","","cokie"
"sept 17 2024 15:59","Comida","Expensas","-1300","Efectivo","Mi libro mayor","","medalunas"
"sept 15 2024 21:48","Comida","Expensas","-5950","Mercadopago & else","Mi libro mayor","","tqtay"
"sept 15 2024 19:48","Coche","Expensas","-3710","Mercadopago & else","Mi libro mayor","","didi"
"sept 15 2024 18:47","Comida","Expensas","-4457","Mercadopago & else","Mi libro mayor","","oreo baña"
"sept 14 2024 18:46","Comida","Expensas","-12311","Mercadopago & else","Mi libro mayor","","merienda cookie br"
"sept 14 2024 01:03","Comida","Expensas","-8500","Mercadopago & else","Mi libro mayor","","tasty"
"sept 14 2024 01:00"," uba","Expensas","-2700","Efectivo","Mi libro mayor","","sanguche uba"
"sept 12 2024 16:02","Comida","Expensas","-14550","Crédito ","Mi libro mayor","","brule"
"sept 12 2024 14:02","Tecnología ","Expensas","-8250","Efectivo","Mi libro mayor","","pendrive"
"sept 10 2024 20:10","Comida","Expensas","-2200","Efectivo","Mi libro mayor","","pbt"
"sept 10 2024 20:10","Coche","Expensas","-4220","Mercadopago & else","Mi libro mayor","","didi"
"sept 09 2024 00:49","","Transferir","31400","Mercadopago & else -> Efectivo","Mi libro mayor","",""
"sept 09 2024 00:45","Cambio ","Ingreso","+107007","Mercadopago & else","Mi libro mayor","","85usd"
"sept 09 2024 00:45","Juego","Expensas","-15000","Efectivo","Mi libro mayor","","sinoca"
"sept 08 2024 23:18","Comida","Expensas","-17550","Mercadopago & else","Mi libro mayor","","comida en el tabano y propina"
"sept 08 2024 00:28","Comida","Expensas","-8850","Crédito ","Mi libro mayor","","tasty"
"sept 08 2024 00:25","Tati","Expensas","-4500","Mercadopago & else","Mi libro mayor","","milkshake"
"sept 07 2024 16:25","Comida","Expensas","-17850","Crédito ","Mi libro mayor","","brule"
"sept 07 2024 15:24","Varios","Expensas","-7000","Crédito ","Mi libro mayor","","fotinis carnet"
"sept 06 2024 23:24","Coche","Expensas","-37000","Crédito ","Mi libro mayor","","nsfta"
"sept 06 2024 22:23","Postre","Expensas","-9636","Crédito ","Mi libro mayor","","helado c luci"
"sept 06 2024 18:00","Comida","Expensas","-1100","Efectivo","Mi libro mayor","","tortitas"
"sept 05 2024 18:59","Comida","Expensas","-2100","Mercadopago & else","Mi libro mayor","","cookie"
"sept 04 2024 18:59","Comida","Expensas","-2500","Mercadopago & else","Mi libro mayor","","sanguches"
"sept 04 2024 18:13","Autobús","Expensas","-3000","Mercadopago & else","Mi libro mayor","","sube"
"sept 03 2024 18:35","Comida","Expensas","-5200","Mercadopago & else","Mi libro mayor","","uba hoy y ayer"
"sept 03 2024 16:53","Tati","Expensas","-16666","Crédito ","Mi libro mayor","","campera tati cuot 2"
"sept 02 2024 22:35","Varios","Expensas","-4450","Mercadopago & else","Mi libro mayor","","fsbro ysy a"
"sept 02 2024 17:08","Tecnología ","Expensas","-18414","Crédito ","Mi libro mayor","","Monitor nuevo!"
"sept 02 2024 01:36","Comida","Expensas","-5490","Crédito ","Mi libro mayor","","yna big mac barata"
"sept 01 2024 17:09","Varios","Expensas","-5500","Mercadopago & else","Mi libro mayor","","cafecito pochito"
"sept 01 2024 04:09","Comida","Expensas","-12550","Mercadopago & else","Mi libro mayor","","tasty y papitas c tati"
"ago 31 2024 17:08","Comida","Expensas","-20400","Mercadopago & else","Mi libro mayor","","merienda tati"
"ago 30 2024 17:11","Comida","Expensas","-1500","Efectivo","Mi libro mayor","","medias"
"ago 29 2024 17:11","Comida","Expensas","-2500","Efectivo","Mi libro mayor","","sanguche"
"ago 29 2024 16:25","Comida","Expensas","-17705","Crédito ","Mi libro mayor","","brule"
"ago 29 2024 15:24","Varios","Expensas","-4000","Mercadopago & else","Mi libro mayor","","meli 6"
"ago 28 2024 22:24","Coche","Expensas","-3150","Mercadopago & else","Mi libro mayor","","didi 3"
"ago 28 2024 17:10","Comida","Expensas","-3000","Efectivo","Mi libro mayor","","ted velrvet"
"ago 28 2024 15:18","Coche","Expensas","-2877","Mercadopago & else","Mi libro mayor","","didi 2"
"ago 28 2024 14:17","Tati","Expensas","-3600","Mercadopago & else","Mi libro mayor","","boludez squishy"
"ago 28 2024 13:17","Comida","Expensas","-20900","Efectivo","Mi libro mayor","","shawarma falafel y cocas"
"ago 28 2024 12:31","","Transferir","30000","Mercadopago & else -> Efectivo","Mi libro mayor","","atm"
"ago 28 2024 12:20","Coche","Expensas","-2850","Mercadopago & else","Mi libro mayor","","didi 1"
"ago 27 2024 19:18","Cambio ","Ingreso","+104397.11","Mercadopago & else","Mi libro mayor","","80 USDT"
"ago 26 2024 17:17"," uba","Expensas","-1500","Mercadopago & else","Mi libro mayor","","medialunas"
"ago 25 2024 14:33","Varios","Expensas","-5955","Mercadopago & else","Mi libro mayor","","ytpremium"
"ago 24 2024 21:36","Propina","Expensas","-2000","Efectivo","Mi libro mayor","","protpina bushi"
"ago 24 2024 21:34","Comida","Expensas","-74500","Crédito ","Mi libro mayor","","cena bushi palerml"
"ago 24 2024 14:33","Tati","Expensas","-10500","Mercadopago & else","Mi libro mayor","","paint by color"
"ago 24 2024 14:32","Coche","Expensas","-36002","Mercadopago & else","Mi libro mayor","","nafta"
"ago 24 2024 01:57","Super","Expensas","-9290","Mercadopago & else","Mi libro mayor","","compras mousse"
"ago 20 2024 22:22","Comida","Expensas","-14500","Mercadopago & else","Mi libro mayor","","cenita"
"ago 20 2024 22:16","Deporte","Expensas","-7500","Mercadopago & else","Mi libro mayor","","padel"
"ago 20 2024 17:41","Comida","Expensas","-19500","Crédito ","Mi libro mayor","+9500","merienda 20"
"ago 20 2024 17:38","Tati","Expensas","-7000","Efectivo","Mi libro mayor","","flores"
"ago 19 2024 17:39","Tecnología ","Expensas","-114479","Crédito ","Mi libro mayor","","ssd"
"ago 19 2024 17:37","Comida","Expensas","-1500","Mercadopago & else","Mi libro mayor","","medialunas"
"ago 18 2024 15:11","Propina","Expensas","-4000","Efectivo","Mi libro mayor","","comida china"
"ago 18 2024 15:11","","Transferir","2400","Efectivo -> Mercadopago & else","Mi libro mayor","","compra d tati chino"
"ago 18 2024 15:11","Propina","Expensas","-3000","Efectivo","Mi libro mayor","","nobiru"
"ago 18 2024 15:10","Comida","Expensas","-32400","Efectivo","Mi libro mayor","","nobiru tumba"
"ago 18 2024 13:10","Cambio ","Ingreso","+80903","Mercadopago & else","Mi libro mayor","","61.8 usdt"
"ago 18 2024 12:09","","Transferir","50000","Mercadopago & else -> Efectivo","Mi libro mayor","","cambio c paola"
"ago 17 2024 16:09","Comida","Expensas","-2215","Mercadopago & else","Mi libro mayor","","oreos bañadas pero cofler"
"ago 17 2024 14:44","Coche","Expensas","-2000","Efectivo","Mi libro mayor","","estacionamie"
"ago 16 2024 18:23","Comida","Expensas","-1000","Efectivo","Mi libro mayor","","mefialuans"
"ago 15 2024 21:52","Cine","Expensas","-4450","Mercadopago & else","Mi libro mayor","","cine domingo"
"ago 15 2024 17:51","Comida","Expensas","-1500","Efectivo","Mi libro mayor","","pape y estacio"
"ago 14 2024 15:08","Varios","Expensas","-3000","Mercadopago & else","Mi libro mayor","","sube"
"ago 14 2024 15:08","Coche","Expensas","-1266","Mercadopago & else","Mi libro mayor","","didi"
"ago 14 2024 14:04","Postre","Expensas","-8000","Mercadopago & else","Mi libro mayor","","2 dorayakis"
"ago 14 2024 14:03","Comida","Expensas","-26000","Efectivo","Mi libro mayor","","2 menu bao y gyudon"
"ago 14 2024 01:03","","Transferir","30000","Mercadopago & else -> Efectivo","Mi libro mayor","","cambio c mi viejo"
"ago 10 2024 17:20","Comida","Expensas","-19500","Crédito ","Mi libro mayor","","brule"
"ago 09 2024 22:18","Comida","Expensas","-3839","Mercadopago & else","Mi libro mayor","","unos alfajore"
"ago 09 2024 14:45","Cambio ","Ingreso","+102097.2","Mercadopago & else","Mi libro mayor","","Cambio 78 usd"
"ago 09 2024 14:41","Gasto Grande Obligatorio","Expensas","-78040","Mercadopago & else","Mi libro mayor","","envío de las puertas"
"ago 09 2024 14:40","Varios","Expensas","-30754","Mercadopago & else","Mi libro mayor","","dos cuotas de calm"
"ago 08 2024 17:46","Corte de pelo","Expensas","-6900","Mercadopago & else","Mi libro mayor","","corte d pelo"
"ago 05 2024 16:44","Comida","Expensas","-10075","Mercadopago & else","Mi libro mayor","","merienda"
"ago 05 2024 04:45","Cambio ","Ingreso","+128433","Mercadopago & else","Mi libro mayor","","94.6 usdt"
"ago 04 2024 22:59","Bebida ","Expensas","-2200","Mercadopago & else","Mi libro mayor","","una coqueira"
"ago 04 2024 22:59","Juego","Expensas","-3000","Mercadopago & else","Mi libro mayor","","Un pool"
"ago 04 2024 05:00","Comida","Expensas","-9800","Mercadopago & else","Mi libro mayor","","tasty!"
"ago 03 2024 23:07","Bebida ","Expensas","-12418","Crédito ","Mi libro mayor","+4500","cocas"
"ago 03 2024 22:59","Comida","Expensas","-3045","Mercadopago & else","Mi libro mayor","","pizzas!"
"ago 03 2024 21:59","Deporte","Expensas","-2500","Mercadopago & else","Mi libro mayor","","fuchebol"
"ago 03 2024 16:58","Bebida ","Expensas","-1300","Mercadopago & else","Mi libro mayor","","coca en el jevi"
"ago 03 2024 16:52","Tati","Expensas","-16666","Crédito ","Mi libro mayor","","campera"
"ago 03 2024 13:24","Comida","Expensas","-25200","Efectivo","Mi libro mayor","","Ramen + recarga de noodles"
"ago 03 2024 12:24","","Transferir","5000","Mercadopago & else -> Efectivo","Mi libro mayor","","cambio encarrwfour"
"ago 03 2024 12:23","Bebida ","Expensas","-2460","Mercadopago & else","Mi libro mayor","","cocas"
"ago 02 2024 22:52","Postre","Expensas","-5891.5","Mercadopago & else","Mi libro mayor","","mousse"
"ago 02 2024 22:40","Me la mande","Expensas","-3000","Efectivo","Mi libro mayor","",""
"ago 02 2024 22:36","Comida","Expensas","-4500","Efectivo","Mi libro mayor","","el korean dog ese"
"ago 02 2024 22:36","Comida","Expensas","-29500","Mercadopago & else","Mi libro mayor","","orei tati y yo"
"ago 02 2024 22:36","Autobús","Expensas","-2000","Mercadopago & else","Mi libro mayor","","sube"
"ago 02 2024 18:36","Comida","Expensas","-2800","Efectivo","Mi libro mayor","","kinder bueno"
"ago 02 2024 03:06","Tecnología ","Expensas","-18414","Crédito ","Mi libro mayor","","Monitor nuevo!"
"jul 30 2024 18:39","Postre","Expensas","-2700","Efectivo","Mi libro mayor","","brownie en uba"
"jul 30 2024 16:28"," uba","Expensas","-1000","Efectivo","Mi libro mayor","","2 mlunas"
"jul 30 2024 04:09","Varios","Expensas","-4000","Mercadopago & else","Mi libro mayor","","meli 6"
"jul 30 2024 04:08","","Transferir","9300","Mercadopago & else -> Efectivo","Mi libro mayor","","ian"
"jul 28 2024 23:20","Postre","Expensas","-9000","Efectivo","Mi libro mayor","","rapanui c tati"
"jul 28 2024 22:46","Propina","Expensas","-1000","Efectivo","Mi libro mayor","","propq"
"jul 28 2024 22:06","Comida","Expensas","-75480","Crédito ","Mi libro mayor","+59116","Al Zein"
"jul 28 2024 01:40","Comida","Expensas","-8300","Efectivo","Mi libro mayor","","una tasty"
"jul 27 2024 14:37","Comida","Expensas","-99950","Mercadopago & else","Mi libro mayor","+60402","sushi libre"
"jul 27 2024 07:22","","Transferir","35000","Mercadopago & else -> Efectivo","Mi libro mayor","","maxi"
"jul 27 2024 07:22","Premios","Ingreso","+5000","Efectivo","Mi libro mayor","","timbq"
"jul 26 2024 19:17","Varios","Expensas","-5955","Mercadopago & else","Mi libro mayor","","yt premium"
"jul 26 2024 19:16","Postre","Expensas","-8400","Crédito ","Mi libro mayor","","milkshake"
"jul 26 2024 12:19","Varios","Expensas","-1704","Mercadopago & else","Mi libro mayor","","didi hoy"
"jul 25 2024 16:14","Comida","Expensas","-21869","Crédito ","Mi libro mayor","","brule"
"jul 24 2024 19:06","Cambio ","Ingreso","+130923.48","Mercadopago & else","Mi libro mayor","","96 USDT"
"jul 24 2024 19:05","Tati","Expensas","-55246","Mercadopago & else","Mi libro mayor","","Regalo Aniversario"
"jul 24 2024 16:40","Varios","Expensas","-4500","Mercadopago & else","Mi libro mayor","","fabro ysy a"
"jul 23 2024 19:18","Varios","Expensas","-2999","Mercadopago & else","Mi libro mayor","","uber antes"
"jul 23 2024 16:39","Comida","Expensas","-21600","Crédito ","Mi libro mayor","","merienda c ttai"
"jul 21 2024 22:29","Coche","Expensas","-33504","Crédito ","Mi libro mayor","","nadta"
"jul 21 2024 21:16","Propina","Expensas","-10000","Efectivo","Mi libro mayor","","NIÑO GORDO"
"jul 21 2024 21:15","Comida","Expensas","-113500","Crédito ","Mi libro mayor","","NIÑO GORDO"
"jul 20 2024 21:16","Super","Expensas","-4403.3","Mercadopago & else","Mi libro mayor","","Compra c tati"
"jul 20 2024 06:14","Juego","Expensas","-5000","Efectivo","Mi libro mayor","","timba"
"jul 19 2024 18:00","Deporte","Expensas","-18500","Mercadopago & else","Mi libro mayor","","parkour"
"jul 19 2024 03:20","Postre","Expensas","-5955","Crédito ","Mi libro mayor","","pape dulce oreos rappi"
"jul 18 2024 04:59","Comida","Expensas","-9800","Mercadopago & else","Mi libro mayor","","taaty post poker"
"jul 18 2024 02:40","Juego","Expensas","-2000","Efectivo","Mi libro mayor","","poker histórico"
"jul 17 2024 19:46"," uba","Expensas","-2300","Efectivo","Mi libro mayor","","changuche"
"jul 17 2024 12:50","Gasto Grande Obligatorio","Expensas","-360000","Mercadopago & else","Mi libro mayor","","partes del auto"
"jul 17 2024 12:49","Cambio ","Ingreso","+380000","Mercadopago & else","Mi libro mayor","","288 usdt"
"jul 17 2024 12:47","","Transferir","2000","Mercadopago & else -> Efectivo","Mi libro mayor","","axl"
"jul 17 2024 12:46","","Transferir","1300","Mercadopago & else -> Efectivo","Mi libro mayor","","msxi"
"jul 14 2024 23:52","Comida","Expensas","-6150","Crédito ","Mi libro mayor","","cocas"
"jul 14 2024 21:55","Comida","Expensas","-14300","Efectivo","Mi libro mayor","+8200","Empanadas"
"jul 13 2024 19:52","Coche","Expensas","-4200","Crédito ","Mi libro mayor","","didi de tati"
"jul 13 2024 15:23","Comida","Expensas","-42900","Crédito ","Mi libro mayor","","club aleman"
"jul 13 2024 15:21","Propina","Expensas","-4000","Mercadopago & else","Mi libro mayor","","propina club alemn"
"jul 13 2024 04:25","Coche","Expensas","-20000","Crédito ","Mi libro mayor","","nafta"
"jul 12 2024 17:25","Comida","Expensas","-18600","Crédito ","Mi libro mayor","","brule"
"jul 11 2024 18:21","Deporte","Expensas","-7000","Mercadopago & else","Mi libro mayor","","parkour c1"
"jul 11 2024 15:20","Varios","Expensas","-69000","Mercadopago & else","Mi libro mayor","+34500","DON ROUCH"
"jul 09 2024 23:31","Comida","Expensas","-12870","Mercadopago & else","Mi libro mayor","","el ""bodegón"""
"jul 09 2024 21:31","Deporte","Expensas","-6500","Mercadopago & else","Mi libro mayor","","El maldito pádel"
"jul 07 2024 20:30","Coche","Expensas","-4247","Mercadopago & else","Mi libro mayor","","otro didi"
"jul 07 2024 15:53","Coche","Expensas","-2570","Mercadopago & else","Mi libro mayor","","didi"
"jul 07 2024 15:53","Cambio ","Ingreso","+113413","Mercadopago & else","Mi libro mayor","","79.95 usdt"
"jul 07 2024 15:51","Regalo","Expensas","-29000","Crédito ","Mi libro mayor","","rapanui"
"jul 07 2024 15:51","Comida","Expensas","-37000","Crédito ","Mi libro mayor","","enso"
"jul 07 2024 15:50","Otros","Ingreso","+229951","Crédito ","Mi libro mayor","","base"
"jul 06 2024 16:48","Comida","Expensas","-3100","Mercadopago & else","Mi libro mayor","","Unos chipacitos"
"jul 06 2024 16:44","Varios","Expensas","-12417","Mercadopago & else","Mi libro mayor","","forros"
"jul 05 2024 22:45","Comida","Expensas","-14180","Mercadopago & else","Mi libro mayor","","desembarco con papas y agua"
"jul 05 2024 16:33","Varios","Expensas","-520","Mercadopago & else","Mi libro mayor","","fotocopias"
"jul 05 2024 16:31","Comida","Expensas","-1200","Mercadopago & else","Mi libro mayor","","medialunas"
"jul 03 2024 16:45","Comida","Expensas","-700","Mercadopago & else","Mi libro mayor","","medialunas"
"jul 03 2024 14:51","Coche","Expensas","-15000","Mercadopago & else","Mi libro mayor","","nafta"
"jul 02 2024 17:18","Tecnología ","Expensas","-18414","Crédito ","Mi libro mayor","","Monitor nuevo!"
"jun 30 2024 20:09","Varios","Expensas","-3999","Mercadopago & else","Mi libro mayor","","meli 6"
"jun 30 2024 16:33","Comida","Expensas","-15187","Crédito ","Mi libro mayor","","brule"
"jun 29 2024 22:28","Varios","Expensas","-2200","Efectivo","Mi libro mayor","","birra d mi vieja"
"jun 29 2024 22:05","Varios","Expensas","-45584","Mercadopago & else","Mi libro mayor","+38000","Toda la juntada de junko"
"jun 28 2024 12:44","Comida","Expensas","-7400","Mercadopago & else","Mi libro mayor","","sanguche"
"jun 28 2024 12:39","Coche","Expensas","-5882","Mercadopago & else","Mi libro mayor","","didi"
"jun 28 2024 01:39","Comida","Expensas","-9800","Mercadopago & else","Mi libro mayor","","tasty doble bacon"
"jun 28 2024 00:23","Cambio ","Ingreso","+107599.1","Mercadopago & else","Mi libro mayor","","Cambio 79.95 USDT"
"jun 27 2024 20:35","Varios","Expensas","-1000","Efectivo","Mi libro mayor","+500","propina con fran"
"jun 27 2024 20:35","Comida","Expensas","-6500","Mercadopago & else","Mi libro mayor","","cafecito c los pibes"
"jun 26 2024 23:13","Varios","Expensas","-4450","Mercadopago & else","Mi libro mayor","","cuota 1 ysy a"
"jun 26 2024 23:12","Otros","Ingreso","+3000","Mercadopago & else","Mi libro mayor","","cuando reembolse tastybd tahichi"
"jun 26 2024 23:11"," uba","Expensas","-1800","Efectivo","Mi libro mayor","","medialunas"
"jun 25 2024 19:55","Varios","Expensas","-5955","Mercadopago & else","Mi libro mayor","","yt prem"
"jun 25 2024 17:24","Comida","Expensas","-18539","Crédito ","Mi libro mayor","","brule"
"jun 24 2024 01:55","Comida","Expensas","-11400","Mercadopago & else","Mi libro mayor","+2825","una tasty"
"jun 20 2024 18:26","Varios","Expensas","-3500","Efectivo","Mi libro mayor","","cadena ysy a"
"jun 20 2024 18:26","","Transferir","10000","Mercadopago & else -> Efectivo","Mi libro mayor","","extracción"
"jun 20 2024 18:26","Comida","Expensas","-2000","Mercadopago & else","Mi libro mayor","","unas quento pre ysy"
"jun 20 2024 04:25","Coche","Expensas","-3290","Mercadopago & else","Mi libro mayor","","uber"
"jun 19 2024 23:25","Postre","Expensas","-4327","Mercadopago & else","Mi libro mayor","","unos helados"
"jun 19 2024 22:24","Comida","Expensas","-3500","Mercadopago & else","Mi libro mayor","","pasta"
"jun 19 2024 17:20","Comida","Expensas","-5400","Mercadopago & else","Mi libro mayor","","medialunas"
"jun 18 2024 20:36","Coche","Expensas","-36000","Crédito ","Mi libro mayor","","nafta (again!)"
"jun 17 2024 17:08","Deporte","Expensas","-4120","Efectivo","Mi libro mayor","","futbol"
"jun 17 2024 16:20","Coche","Expensas","-10000","Mercadopago & else","Mi libro mayor","","nafta"
"jun 15 2024 17:21","","Transferir","10000","Crédito  -> Mercadopago & else","Mi libro mayor","","me paga fabro"
"jun 15 2024 17:21","Regalo","Expensas","-10000","Crédito ","Mi libro mayor","","vinos"
"jun 15 2024 10:36","Comida","Expensas","-3600","Mercadopago & else","Mi libro mayor","","especias 2"
"jun 15 2024 10:34","Comida","Expensas","-12750","Efectivo","Mi libro mayor","","quesos y demas pt1"
"jun 14 2024 10:30","Coche","Expensas","-3100","Efectivo","Mi libro mayor","","didi a cormos"
"jun 13 2024 22:30","Coche","Expensas","-5597","Mercadopago & else","Mi libro mayor","","dos didis tati"
"jun 13 2024 21:55","Tati","Expensas","-5000","Efectivo","Mi libro mayor","","playland"
"jun 12 2024 20:29","","Transferir","24000","Mercadopago & else -> Efectivo","Mi libro mayor","","resto"
"jun 12 2024 20:28","Cambio","Expensas","-1","Mercadopago & else","Mi libro mayor","","Le compro 100 usd a papa"
"jun 12 2024 20:13","Cambio ","Ingreso","+103903","Mercadopago & else","Mi libro mayor","","80 usdt"
"jun 12 2024 20:12","Varios","Expensas","-14358","Mercadopago & else","Mi libro mayor","","deuda afip 2"
"jun 11 2024 18:16","Comida","Expensas","-12742","Crédito ","Mi libro mayor","","merienda"
"jun 10 2024 20:43","Varios","Expensas","-16000","Mercadopago & else","Mi libro mayor","","santi me dio 12 usdt, le paso 16000"
"jun 10 2024 20:43","Cambio ","Ingreso","+119174","Mercadopago & else","Mi libro mayor","","92.39 usdt"
"jun 10 2024 01:43","Comida","Expensas","-24749","Mercadopago & else","Mi libro mayor","+12300","tastys c junko"
"jun 09 2024 22:22","Coche","Expensas","-1800","Mercadopago & else","Mi libro mayor","","estacionamiento"
"jun 09 2024 20:21","Comida","Expensas","-7550","Mercadopago & else","Mi libro mayor","","tasty"
"jun 09 2024 10:20","Autobús","Expensas","-2000","Mercadopago & else","Mi libro mayor","","sube"
"jun 09 2024 00:29","Postre","Expensas","-7800","Efectivo","Mi libro mayor","","Milkshakes"
"jun 08 2024 23:50","Coche","Expensas","-7500","Efectivo","Mi libro mayor","","Estacionamiento"
"jun 08 2024 23:12","Comida","Expensas","-6000","Efectivo","Mi libro mayor","","propina"
"jun 08 2024 22:10","Comida","Expensas","-57600","Crédito ","Mi libro mayor","","kanji sushi bar"
"jun 08 2024 19:50","","Transferir","24000","Mercadopago & else -> Efectivo","Mi libro mayor","","cambio"
"jun 06 2024 21:18","Comida","Expensas","-14704","Crédito ","Mi libro mayor","","merienda brule"
"jun 06 2024 17:18","Corte de pelo","Expensas","-6500","Efectivo","Mi libro mayor","","joan"
"jun 05 2024 23:40","Coche","Expensas","-1850","Mercadopago & else","Mi libro mayor","","didi"
"jun 05 2024 23:06","Comida","Expensas","-1000","Efectivo","Mi libro mayor","","propina"
"jun 05 2024 23:05","Comida","Expensas","-13500","Mercadopago & else","Mi libro mayor","","cena colegiales"
"jun 05 2024 23:04","Cine","Expensas","-3890","Mercadopago & else","Mi libro mayor","","ebtradas haikyu"
"jun 02 2024 03:17","Comida","Expensas","-1600","Efectivo","Mi libro mayor","","cocas"
"jun 02 2024 02:10","Timba","Expensas","-5000","Mercadopago & else","Mi libro mayor","","rula deuda maxi"
"jun 02 2024 00:58","Cambio ","Ingreso","+97946","Mercadopago & else","Mi libro mayor","","80 USDT"
"jun 02 2024 00:58","Timba","Expensas","-1000","Efectivo","Mi libro mayor","","poker"
"jun 02 2024 00:58","","Transferir","5000","Mercadopago & else -> Efectivo","Mi libro mayor","","axel"
"jun 02 2024 00:26","Tecnología ","Expensas","-18414","Crédito ","Mi libro mayor","","Monitor nuevo!"
"jun 01 2024 20:19","Comida","Expensas","-3800","Mercadopago & else","Mi libro mayor","","tortillas"
"jun 01 2024 17:59","Coche","Expensas","-3690","Mercadopago & else","Mi libro mayor","","uber tati"
"jun 01 2024 16:26","Comida","Expensas","-18224","Crédito ","Mi libro mayor","","brule"
"jun 01 2024 15:19","Coche","Expensas","-30997","Crédito ","Mi libro mayor","","nafta"
"jun 01 2024 01:33","Varios","Expensas","-30889","Mercadopago & else","Mi libro mayor","","deuda afip"
"jun 01 2024 01:31","Comida","Expensas","-17300","Mercadopago & else","Mi libro mayor","","mcdonalds tati lucí"
"jun 01 2024 01:31","","Transferir","20000","Mercadopago & else -> Efectivo","Mi libro mayor","","pao"
"jun 01 2024 01:30","Comida","Expensas","-16500","Efectivo","Mi libro mayor","","horan de siria"
"jun 01 2024 01:29","Comida","Expensas","-2400","Mercadopago & else","Mi libro mayor","","2 cocas"
"may 31 2024 03:34","Varios","Expensas","-4000","Mercadopago & else","Mi libro mayor","","mp nivel 6"
"may 31 2024 03:30","Tati","Expensas","-166500","Efectivo","Mi libro mayor","","regalo tati"
"may 31 2024 03:30","","Transferir","10000","Mercadopago & else -> Efectivo","Mi libro mayor","","cambio"
"may 29 2024 19:33","Hice algo mal","Ingreso","+8407","Mercadopago & else","Mi libro mayor","","idk?"
"may 29 2024 19:24"," uba","Expensas","-1000","Mercadopago & else","Mi libro mayor","","medias"
"may 29 2024 19:20","","Transferir","8300","Mercadopago & else -> Efectivo","Mi libro mayor","",""
"may 29 2024 19:16","Varios","Expensas","-5955","Mercadopago & else","Mi libro mayor","","ytp"
"may 29 2024 16:24"," uba","Expensas","-200","Efectivo","Mi libro mayor","","estacion"
"may 28 2024 19:24"," uba","Expensas","-1200","Mercadopago & else","Mi libro mayor","","alfa oreo"
"may 28 2024 19:23"," uba","Expensas","-200","Efectivo","Mi libro mayor","","estación"
"may 28 2024 01:20","Comida","Expensas","-12000","Mercadopago & else","Mi libro mayor","","mc tigre"
"may 27 2024 05:46","Premios","Ingreso","+3500","Mercadopago & else","Mi libro mayor","","timbini"
"may 26 2024 19:15","Comida","Expensas","-6133","Mercadopago & else","Mi libro mayor","","asado duna"
"may 26 2024 03:14","Comida","Expensas","-13630.5","Crédito ","Mi libro mayor","","Brule"
"may 25 2024 16:14","Deporte","Expensas","-2650","Mercadopago & else","Mi libro mayor","","fobal"
"may 25 2024 15:13","Varios","Expensas","-5955","Mercadopago & else","Mi libro mayor","","yt pr"
"may 24 2024 05:18","Comida","Expensas","-17050","Crédito ","Mi libro mayor","","brule"
"may 22 2024 18:16"," uba","Expensas","-200","Efectivo","Mi libro mayor","","estacionamiento"
"may 22 2024 18:16"," uba","Expensas","-1500","Mercadopago & else","Mi libro mayor","","medialunas"
"may 21 2024 15:08","Cambio ","Ingreso","+119050","Mercadopago & else","Mi libro mayor","","100 USDT"
"may 21 2024 05:15","Coche","Expensas","-15000","Mercadopago & else","Mi libro mayor","","nafta"
"may 21 2024 01:08","Premios","Ingreso","+3000","Mercadopago & else","Mi libro mayor","","timba"
"may 20 2024 01:15","Comida","Expensas","-13291","Mercadopago & else","Mi libro mayor","+6250","McDonalds histórico"
"may 19 2024 23:35","Coche","Expensas","-3200","Efectivo","Mi libro mayor","","uber"
"may 19 2024 19:01","","Transferir","4000","Efectivo -> Mercadopago & else","Mi libro mayor","","tati me paga"
"may 19 2024 17:01","Postre","Expensas","-8100","Efectivo","Mi libro mayor","+4000","cookie vrother"
"may 18 2024 20:21","","Transferir","7194","Crédito  -> Mercadopago & else","Mi libro mayor","",""
"may 18 2024 20:21","Coche","Expensas","-3000","Efectivo","Mi libro mayor","","uber"
"may 18 2024 02:18","Presto","Expensas","-6750","Mercadopago & else","Mi libro mayor","+5000","tasty maxi"
"may 18 2024 02:18","Comida","Expensas","-6750","Mercadopago & else","Mi libro mayor","","tasty 2"
"may 18 2024 02:17","Comida","Expensas","-7000","Efectivo","Mi libro mayor","","tasty 1"
"may 17 2024 20:05"," uba","Expensas","-2600","Efectivo","Mi libro mayor","","medialunas + estacionamiento"
"may 17 2024 17:05","Coche","Expensas","-8000","Efectivo","Mi libro mayor","","estación"
"may 17 2024 13:05","Comida","Expensas","-8000","Efectivo","Mi libro mayor","","sanguches"
"may 16 2024 20:51","Coche","Expensas","-4000","Efectivo","Mi libro mayor","","uber tati"
"may 16 2024 20:35","","Transferir","2000","Efectivo -> Mercadopago & else","Mi libro mayor","","tati me paga las bebidas"
"may 16 2024 16:36","Café","Expensas","-11200","Efectivo","Mi libro mayor","","brule"
"may 16 2024 15:07","Premios","Ingreso","+5000","Mercadopago & else","Mi libro mayor","","timba"
"may 16 2024 01:07","Juego","Expensas","-2000","Mercadopago & else","Mi libro mayor","","timba"
"may 15 2024 18:15","Coche","Expensas","-15000","Mercadopago & else","Mi libro mayor","","nafta"
"may 14 2024 19:15"," uba","Expensas","-2700","Efectivo","Mi libro mayor","","sangucye + estacio"
"may 14 2024 16:22","Cambio ","Ingreso","+204000","Efectivo","Mi libro mayor","","CAMBIO 200 USD"
"may 14 2024 01:07","Juego","Expensas","-3000","Mercadopago & else","Mi libro mayor","","timba"
"may 11 2024 20:09","Varios","Expensas","-6000","Mercadopago & else","Mi libro mayor","","manga tati"
"may 11 2024 15:08","Postre","Expensas","-3900","Mercadopago & else","Mi libro mayor","","milkshake"
"may 11 2024 13:52","Autobús","Expensas","-600","Mercadopago & else","Mi libro mayor","","sube tati"
"may 11 2024 13:52","Comida","Expensas","-2900","Efectivo","Mi libro mayor","","chipacito"
"may 11 2024 13:09","Comida","Expensas","-1500","Efectivo","Mi libro mayor","","pato"
"may 08 2024 18:10"," uba","Expensas","-1900","Efectivo","Mi libro mayor","","quento"
"may 08 2024 11:52","Varios","Expensas","-5998","Mercadopago & else","Mi libro mayor","","frascos"
"may 07 2024 19:49"," uba","Expensas","-200","Efectivo","Mi libro mayor","","estacio"
"may 07 2024 19:48"," uba","Expensas","-1700","Efectivo","Mi libro mayor","","milka mousse"
"may 07 2024 11:52","Juego","Expensas","-16500","Mercadopago & else","Mi libro mayor","","hades"
"may 06 2024 19:33"," uba","Expensas","-1900","Efectivo","Mi libro mayor","","el rasta y el de fabro"
"may 06 2024 02:55","Comida","Expensas","-10000","Efectivo","Mi libro mayor","","pape histórico ek corte"
"may 06 2024 02:55","Juego","Expensas","-2000","Efectivo","Mi libro mayor","","poker"
"may 06 2024 02:54","","Transferir","2000","Efectivo -> Mercadopago & else","Mi libro mayor","","Forster poker"
"may 05 2024 21:30","","Transferir","30000","Mercadopago & else -> Efectivo","Mi libro mayor","","maxi me paga deuda casino"
"may 04 2024 18:43","Coche","Expensas","-2710","Mercadopago & else","Mi libro mayor","","didi"
"may 04 2024 16:42","Postre","Expensas","-2901","Mercadopago & else","Mi libro mayor","","app cake"
"may 04 2024 03:42","Comida","Expensas","-6350","Mercadopago & else","Mi libro mayor","","tasty"
"may 03 2024 21:41","Varios","Expensas","-2499","Mercadopago & else","Mi libro mayor","","meli 6"
"may 03 2024 21:40"," uba","Expensas","-600","Mercadopago & else","Mi libro mayor","","pape uba"
"may 01 2024 18:40","Coche","Expensas","-30302","Mercadopago & else","Mi libro mayor","","tanque lleno"
"may 01 2024 15:01","Presto","Expensas","-35000","Mercadopago & else","Mi libro mayor","+35000","prestamo timbero"
"may 01 2024 15:01","Cambio ","Ingreso","+130625","Mercadopago & else","Mi libro mayor","","Cambio, ~1070 x usdt"
"abr 30 2024 23:30","Comida","Expensas","-7900","Mercadopago & else","Mi libro mayor","","tasty"
"abr 30 2024 17:59"," uba","Expensas","-3200","Mercadopago & else","Mi libro mayor","","sanguche+ estacion"
"abr 28 2024 14:58","Premios","Ingreso","+7200","Mercadopago & else","Mi libro mayor","","timba"
"abr 27 2024 14:59","Cosmético","Expensas","-5000","Mercadopago & else","Mi libro mayor","","piercing"
"abr 26 2024 19:07"," uba","Expensas","-1200","Mercadopago & else","Mi libro mayor","","unos palitos"
"abr 26 2024 13:06","Varios","Expensas","-2526","Mercadopago & else","Mi libro mayor","","ytpremium"
"abr 24 2024 23:06","Comida","Expensas","-6229","Mercadopago & else","Mi libro mayor","","cena mc"
"abr 24 2024 15:06","Comida","Expensas","-6204","Mercadopago & else","Mi libro mayor","","alfajores rappa"
"abr 23 2024 01:12","Deporte","Expensas","-19500","Efectivo","Mi libro mayor","","gym"
"abr 23 2024 01:12","","Transferir","4000","Efectivo -> Mercadopago & else","Mi libro mayor","","col"
"abr 22 2024 00:01","Comida","Expensas","-1600","Efectivo","Mi libro mayor","","cocas"
"abr 22 2024 00:01","Comida","Expensas","-4000","Efectivo","Mi libro mayor","","empa empas"
"abr 21 2024 22:01","","Transferir","32600","Mercadopago & else -> Efectivo","Mi libro mayor","","el tahichi"
"abr 21 2024 19:01","Juego","Expensas","-3000","Efectivo","Mi libro mayor","","poker"
"abr 21 2024 16:01","Varios","Expensas","-3500","Mercadopago & else","Mi libro mayor","","los datos"
"abr 20 2024 22:00","Comida","Expensas","-4000","Efectivo","Mi libro mayor","","kbbq propina"
"abr 20 2024 22:00","Comida","Expensas","-49500","Mercadopago & else","Mi libro mayor","","kbbq"
"abr 20 2024 16:03","Coche","Expensas","-28000","Mercadopago & else","Mi libro mayor","","tanque lleno"
"abr 19 2024 22:02","Cambio ","Ingreso","+50112","Mercadopago & else","Mi libro mayor","","48 USDT"
"abr 19 2024 22:01","Comida","Expensas","-15829","Mercadopago & else","Mi libro mayor","","wendys"
"abr 19 2024 21:50","Cambio ","Ingreso","+83625","Mercadopago & else","Mi libro mayor","","80 USDT, 1045 x USDT"
"abr 19 2024 21:47"," uba","Expensas","-2200","Efectivo","Mi libro mayor","","papas quento"
"abr 19 2024 21:47","Varios","Expensas","-34500","Mercadopago & else","Mi libro mayor","+23000","entradas ysy"
"abr 18 2024 17:46","Comida","Expensas","-10150","Efectivo","Mi libro mayor","","cookies tati"
"abr 17 2024 20:35"," uba","Expensas","-2500","Efectivo","Mi libro mayor","","media jyq"
"abr 16 2024 19:48","Interés","Ingreso","+633.3","Mercadopago & else","Mi libro mayor","","rendimientos"
"abr 16 2024 19:46","","Transferir","3400","Efectivo -> Mercadopago & else","Mi libro mayor","","tino y ivan"
"abr 16 2024 19:46"," uba","Expensas","-1500","Efectivo","Mi libro mayor","","medialunas"
"abr 15 2024 00:59","Juego","Expensas","-4000","Efectivo","Mi libro mayor","","poker"
"abr 15 2024 00:59","Efectivo","Ingreso","+25000","Efectivo","Mi libro mayor","","regalo tia monk"
"abr 14 2024 02:08","","Transferir","10000","Mercadopago & else -> Efectivo","Mi libro mayor","","le doy a forster pa latimb"
"abr 13 2024 06:08","Comida","Expensas","-7000","Efectivo","Mi libro mayor","","MCD"
"abr 13 2024 01:07","Comida","Expensas","-500","Mercadopago & else","Mi libro mayor","","mogul"
"abr 13 2024 01:04","Juego","Expensas","-500","Mercadopago & else","Mi libro mayor","","rula"
"abr 13 2024 01:03","Juego","Expensas","-1500","Mercadopago & else","Mi libro mayor","","poker"
"abr 13 2024 00:02","Beber","Expensas","-8977","Mercadopago & else","Mi libro mayor","+3100","cocas"
"abr 12 2024 20:15"," uba","Expensas","-1800","Mercadopago & else","Mi libro mayor","","medialuans"
"abr 12 2024 18:09"," uba","Expensas","-200","Efectivo","Mi libro mayor","","estacio"
"abr 12 2024 18:03","Tecnología ","Expensas","-15000","Mercadopago & else","Mi libro mayor","","tecladubi"
"abr 10 2024 18:23","Coche","Expensas","-8000","Crédito ","Mi libro mayor","","estacionamiento"
"abr 09 2024 16:09","Interés","Ingreso","+897","Mercadopago & else","Mi libro mayor","","interes mp"
"abr 09 2024 15:59","Postre","Expensas","-8391","Mercadopago & else","Mi libro mayor","+544.47","lemon pie de tati"
"abr 09 2024 15:58","Cambio ","Ingreso","+71681.4","Mercadopago & else","Mi libro mayor","","70 USDT, 1024.02 X USDT"
"abr 08 2024 03:18","Juego","Expensas","-5500","Mercadopago & else","Mi libro mayor","","su pokerstars"
"abr 08 2024 00:16","Comida","Expensas","-7250","Mercadopago & else","Mi libro mayor","","MAC"
"abr 07 2024 22:58","Juego","Expensas","-1000","Mercadopago & else","Mi libro mayor","","poker"
"abr 07 2024 22:57","Juego","Expensas","-21000","Mercadopago & else","Mi libro mayor","","timba"
"abr 07 2024 13:17","Comida","Expensas","-9250","Mercadopago & else","Mi libro mayor","","asado"
"abr 07 2024 12:59","Coche","Expensas","-2009","Mercadopago & else","Mi libro mayor","","uber a maxi"
"abr 06 2024 22:58","Coche","Expensas","-2750","Mercadopago & else","Mi libro mayor","","uber"
"abr 06 2024 22:22","Comida","Expensas","-44300","Crédito ","Mi libro mayor","","aristobulo"
"abr 06 2024 21:26","Varios","Expensas","-18614","Mercadopago & else","Mi libro mayor","","tarjeta"
"abr 06 2024 21:26","Varios","Expensas","-6080","Mercadopago & else","Mi libro mayor","","dateas"
"abr 05 2024 20:56","Coche","Expensas","-3420","Mercadopago & else","Mi libro mayor","","didi"
"abr 05 2024 20:54","Autobús","Expensas","-2000","Mercadopago & else","Mi libro mayor","","sube"
"abr 05 2024 19:21"," uba","Expensas","-1200","Mercadopago & else","Mi libro mayor","","medialunas"
"abr 05 2024 17:48"," uba","Expensas","-1500","Mercadopago & else","Mi libro mayor","","las quento"
"abr 03 2024 18:41","Varios","Expensas","-4500","Mercadopago & else","Mi libro mayor","","???"
"abr 03 2024 17:58"," uba","Expensas","-200","Mercadopago & else","Mi libro mayor","","estacionamiento uba"
"abr 03 2024 17:56","Interés","Ingreso","+213","Mercadopago & else","Mi libro mayor","","mp"
"abr 02 2024 18:55","Comida","Expensas","-4070","Mercadopago & else","Mi libro mayor","","bebida póker y picada"
"abr 02 2024 16:55","Deporte","Expensas","-3200","Mercadopago & else","Mi libro mayor","","futbol"
"abr 01 2024 23:54","Postre","Expensas","-3500","Mercadopago & else","Mi libro mayor","","cuarto helaod"
"abr 01 2024 21:53","Comida","Expensas","-7760","Mercadopago & else","Mi libro mayor","","cena xon lls pibe"
"abr 01 2024 20:53","Cambio ","Ingreso","+99390","Mercadopago & else","Mi libro mayor","","98.94 USDT"
"abr 01 2024 02:04","Comida","Expensas","-18654.5","Mercadopago & else","Mi libro mayor","+15947","el pape dd la noche"
"abr 01 2024 00:53","Varios","Expensas","-2499","Mercadopago & else","Mi libro mayor","","meli 6"
"mar 31 2024 18:22","Interés","Ingreso","+6549","Mercadopago & else","Mi libro mayor","","interes"
"mar 30 2024 22:20","Juego","Expensas","-3000","Efectivo","Mi libro mayor","","poker"
"mar 29 2024 22:50","Comida","Expensas","-8000","Mercadopago & else","Mi libro mayor","","asado y bebidas de mañana"
"mar 29 2024 16:50","Comida","Expensas","-6900","Mercadopago & else","Mi libro mayor","","cookies tati"
"mar 28 2024 22:49","Postre","Expensas","-7754","Mercadopago & else","Mi libro mayor","","helado c luci"
"mar 28 2024 22:48","Presto","Expensas","-1000","Mercadopago & else","Mi libro mayor","","junko"
"mar 28 2024 03:55"," uba","Expensas","-1800","Efectivo","Mi libro mayor","","batatas + estacio"
"mar 27 2024 17:36","Coche","Expensas","-33653.96","Mercadopago & else","Mi libro mayor","","TANQUE LLENO PWAH"
"mar 27 2024 16:53","Cambio ","Ingreso","+58201","Mercadopago & else","Mi libro mayor","","56 USDTs"
"mar 26 2024 19:45"," uba","Expensas","-1800","Efectivo","Mi libro mayor","","medialunas"
"mar 26 2024 18:14","Coche","Expensas","-3500","Mercadopago & else","Mi libro mayor","","Uber maxi"
"mar 26 2024 18:14"," uba","Expensas","-2200","Efectivo","Mi libro mayor","","unos de miga"
"mar 26 2024 18:14","Premios","Ingreso","+2554","Mercadopago & else","Mi libro mayor","","se timbó"
"mar 25 2024 03:52","Varios","Expensas","-2526","Mercadopago & else","Mi libro mayor","","ytpremium"
"mar 24 2024 13:58","Juego","Expensas","-1500","Mercadopago & else","Mi libro mayor","","me fui a timbar"
"mar 24 2024 13:57","","Transferir","2000","Mercadopago & else -> Efectivo","Mi libro mayor","","cambio a col pa la tim"
"mar 24 2024 05:25","Premios","Ingreso","+6000","Efectivo","Mi libro mayor","","poker"
"mar 23 2024 21:12","Comida","Expensas","-6600","Mercadopago & else","Mi libro mayor","","patys"
"mar 23 2024 17:14","Postre","Expensas","-6303","Mercadopago & else","Mi libro mayor","","merienda cookie"
"mar 22 2024 22:11","Postre","Expensas","-6747","Mercadopago & else","Mi libro mayor","","postres"
"mar 22 2024 19:57"," uba","Expensas","-2200","Efectivo","Mi libro mayor","","ni me acuerdo"
"mar 22 2024 17:55","Coche","Expensas","-10000","Efectivo","Mi libro mayor","","nafta"
"mar 22 2024 01:43","Postre","Expensas","-3200","Mercadopago & else","Mi libro mayor","","mcflurryy"
"mar 22 2024 01:42","","Transferir","12300","Mercadopago & else -> Efectivo","Mi libro mayor","","me pagaron efe"
"mar 22 2024 01:41","Comida","Expensas","-18742.5","Mercadopago & else","Mi libro mayor","+12300","tastys!"
"mar 21 2024 17:12","Café","Expensas","-18300","Mercadopago & else","Mi libro mayor","+3200","cafetería"
"mar 20 2024 23:38","Juego","Expensas","-11057","Mercadopago & else","Mi libro mayor","","multiples juegos"
"mar 20 2024 19:37"," uba","Expensas","-1200","Mercadopago & else","Mi libro mayor","","pape"
"mar 19 2024 19:37"," uba","Expensas","-2200","Mercadopago & else","Mi libro mayor","","pape uba"
"mar 18 2024 19:32"," uba","Expensas","-1600","Mercadopago & else","Mi libro mayor","","pape uba"
"mar 18 2024 14:32","Varios","Expensas","-18000","Mercadopago & else","Mi libro mayor","","gym"
"mar 17 2024 03:10","Juego","Expensas","-4000","Mercadopago & else","Mi libro mayor","","timba"
"mar 17 2024 01:49","Comida","Expensas","-1149","Mercadopago & else","Mi libro mayor","+0","helado msc"
"mar 17 2024 01:48","Comida","Expensas","-2500","Mercadopago & else","Mi libro mayor","","asado gonza"
"mar 16 2024 18:51","Coche","Expensas","-15000","Mercadopago & else","Mi libro mayor","","nafta"
"mar 16 2024 14:18","Comida","Expensas","-10000","Mercadopago & else","Mi libro mayor","","shwaram"
"mar 15 2024 16:36","Comida","Expensas","-7070","Mercadopago & else","Mi libro mayor","+3300","aljafores rapa"
"mar 14 2024 12:35","Juego","Expensas","-2390","Mercadopago & else","Mi libro mayor","","juegos (pro so/deep rock)"
"mar 09 2024 22:05","Cine","Expensas","-3300","Mercadopago & else","Mi libro mayor","","entrada"
"mar 09 2024 22:05","Comida","Expensas","-4850","Mercadopago & else","Mi libro mayor","+2400","mclfurrys"
"mar 09 2024 21:04","Comida","Expensas","-23580","Mercadopago & else","Mi libro mayor","+16800","mc del dot"
"mar 09 2024 17:39","Comida","Expensas","-5155","Mercadopago & else","Mi libro mayor","","unas tortas"
"mar 08 2024 20:38","Varios","Expensas","-36820","Mercadopago & else","Mi libro mayor","","la tarjeta"
"mar 08 2024 17:38","Limpiar","Expensas","-5200","Mercadopago & else","Mi libro mayor","","peluqueria"
"mar 08 2024 15:37","Coche","Expensas","-10000","Mercadopago & else","Mi libro mayor","","nafta"
"mar 05 2024 03:12","Interés","Ingreso","+11374.8","Mercadopago & else","Mi libro mayor","","mp"
"mar 04 2024 17:11","Comida","Expensas","-6152","Mercadopago & else","Mi libro mayor","","pape y demas merienda"
"mar 03 2024 15:33","Coche","Expensas","-1800","Efectivo","Mi libro mayor","","estacionamiento"
"mar 03 2024 15:31","Juego","Expensas","-2000","Mercadopago & else","Mi libro mayor","","playland"
"mar 03 2024 14:33","Comida","Expensas","-18400","Mercadopago & else","Mi libro mayor","","orei"
"mar 03 2024 00:48","Comida","Expensas","-4800","Mercadopago & else","Mi libro mayor","","papas mac"
"mar 02 2024 17:47","Comida","Expensas","-6404","Mercadopago & else","Mi libro mayor","+6095","cookies"
"mar 02 2024 05:04","Juego","Expensas","-11678","Mercadopago & else","Mi libro mayor","","Balatro"
"mar 02 2024 04:01","Coche","Expensas","-1050","Mercadopago & else","Mi libro mayor","","estacionamiento dot"
"mar 01 2024 22:52","Cine","Expensas","-7400","Efectivo","Mi libro mayor","","entrada y coca"
"mar 01 2024 18:34","Coche","Expensas","-5500","Efectivo","Mi libro mayor","","estacionamiento"
"mar 01 2024 17:46","Varios","Expensas","-2500","Mercadopago & else","Mi libro mayor","","ml nivel 6"
"feb 29 2024 22:33","Comida","Expensas","-7700","Mercadopago & else","Mi libro mayor","","shawarma"
"feb 29 2024 21:33","Coche","Expensas","-10000","Efectivo","Mi libro mayor","","nafta"
"feb 28 2024 23:08","Comida","Expensas","-2984","Mercadopago & else","Mi libro mayor","","crepa"
"feb 28 2024 22:37","Comida","Expensas","-6200","Efectivo","Mi libro mayor","","mac"
"feb 28 2024 20:37","Juego","Expensas","-1200","Efectivo","Mi libro mayor","","playland"
"feb 27 2024 17:35","Cine","Expensas","-6900","Mercadopago & else","Mi libro mayor","","cine y comkda"
"feb 25 2024 16:58","Tecnología ","Expensas","-2526","Mercadopago & else","Mi libro mayor","","yt premium"
"feb 25 2024 06:42","Transfe","Ingreso","+9300","Mercadopago & else","Mi libro mayor","","timba en mp"
"feb 25 2024 06:42","Transfe","Ingreso","+6370","Efectivo","Mi libro mayor","","pagos de la timba en efectivo"
"feb 25 2024 06:41","Juego","Expensas","-20000","Mercadopago & else","Mi libro mayor","","timba real"
"feb 25 2024 06:41","Cambio ","Ingreso","+20000","Mercadopago & else","Mi libro mayor","","timba change 14.83 usdt"
"feb 25 2024 06:39","Juego","Expensas","-18000","Mercadopago & else","Mi libro mayor","+18000","Timba del martes (bug)"
"feb 25 2024 06:38","Transfe","Ingreso","+2000","Efectivo","Mi libro mayor","","cocas maxi axel"
"feb 24 2024 23:22","Transfe","Ingreso","+2500","Efectivo","Mi libro mayor","","msxi finally pay timba"
"feb 24 2024 23:22","Transfe","Ingreso","+10000","Efectivo","Mi libro mayor","","me pagan las EMPAS"
"feb 24 2024 22:54","","Transferir","12000","Mercadopago & else -> Efectivo","Mi libro mayor","","me pidio axi"
"feb 24 2024 22:12","Comida","Expensas","-25968","Mercadopago & else","Mi libro mayor","+10867.5","las empanadas"
"feb 24 2024 22:03","Beber","Expensas","-5020","Mercadopago & else","Mi libro mayor","","las cocas (maxi, axel, negro)"
"feb 24 2024 19:12","Coche","Expensas","-10000","Mercadopago & else","Mi libro mayor","","nafta"
"feb 24 2024 17:12","Comida","Expensas","-8694","Mercadopago & else","Mi libro mayor","","tortas"
"feb 24 2024 02:11","Comida","Expensas","-9834","Mercadopago & else","Mi libro mayor","+8050","mcdon"
"feb 23 2024 23:10","Comida","Expensas","-6141","Mercadopago & else","Mi libro mayor","","crepas"
"feb 22 2024 21:24","Premios","Ingreso","+10224","Mercadopago & else","Mi libro mayor","","reembolso"
"feb 21 2024 21:24","Comida","Expensas","-3400","Efectivo","Mi libro mayor","","propina"
"feb 21 2024 21:24","Comida","Expensas","-65160","Mercadopago & else","Mi libro mayor","","sushi libre ma"
"feb 21 2024 19:22","Salario","Ingreso","+100000","Mercadopago & else","Mi libro mayor","","me pasa papa"
"feb 21 2024 17:23","Beber","Expensas","-1100","Mercadopago & else","Mi libro mayor","","coca"
"feb 20 2024 21:22","Postre","Expensas","-2800","Mercadopago & else","Mi libro mayor","","mcflurry 2x1"
"feb 20 2024 20:21","Comida","Expensas","-16800","Mercadopago & else","Mi libro mayor","","shawarma"
"feb 20 2024 17:21","Premios","Ingreso","+833.33","Mercadopago & else","Mi libro mayor","","timba"
"feb 20 2024 17:20","Deporte","Expensas","-15500","Mercadopago & else","Mi libro mayor","","gym"
"feb 18 2024 10:43","","Transferir","11000","Mercadopago & else -> Efectivo","Mi libro mayor","","axi y befo pagan timba"
"feb 17 2024 14:50","Verduras","Expensas","-1600","Efectivo","Mi libro mayor","","nueces albahaca"
"feb 17 2024 13:51","Deporte","Expensas","-5500","Efectivo","Mi libro mayor","","Padel"
"feb 17 2024 13:46","Transfe","Ingreso","+5670","Mercadopago & else","Mi libro mayor","","deuda+mac"
"feb 17 2024 10:49","Cambio ","Ingreso","+309000","Mercadopago & else","Mi libro mayor","","1101 x usdt creo"
"feb 17 2024 10:48","Coche","Expensas","-4000","Mercadopago & else","Mi libro mayor","","nafta (??"
"feb 17 2024 10:47","Varios","Expensas","-1300","Efectivo","Mi libro mayor","","pq mi vieja me roba"
"feb 17 2024 04:45","Comida","Expensas","-20488","Mercadopago & else","Mi libro mayor","","rappi mac (hjbo reemb)"
"feb 17 2024 04:43","Juego","Expensas","-5500","Mercadopago & else","Mi libro mayor","","Timba en lo d col"
"feb 17 2024 01:18","Premios","Ingreso","+6000","Mercadopago & else","Mi libro mayor","","paga la timba"
"feb 17 2024 01:18","Otros","Ingreso","+14300","Mercadopago & else","Mi libro mayor","","devolucion rappi"
"feb 16 2024 03:15","Juego","Expensas","-2000","Mercadopago & else","Mi libro mayor","","timba"
"feb 14 2024 23:55","Comida","Expensas","-77000","Mercadopago & else","Mi libro mayor","","PF CHAN + propin"
"feb 14 2024 19:55","Cambio ","Ingreso","+90984","Mercadopago & else","Mi libro mayor","","80 USDT, 1137.3 X USDT"
"feb 14 2024 19:53","Regalo","Expensas","-4800","Efectivo","Mi libro mayor","","rapanui"
"feb 14 2024 17:14","Beber","Expensas","-1380","Mercadopago & else","Mi libro mayor","","mezcla tequila"
"feb 14 2024 17:14","Presto","Expensas","-4100","Mercadopago & else","Mi libro mayor","","presté al dogor"
"feb 13 2024 17:14","Coche","Expensas","-1200","Efectivo","Mi libro mayor","","estacionamiento recol"
"feb 13 2024 17:13","Regalo","Expensas","-18900","Mercadopago & else","Mi libro mayor","","mamuschhka"
"feb 13 2024 17:12","Beber","Expensas","-7100","Mercadopago & else","Mi libro mayor","","oh tea cn luci"
"feb 13 2024 17:12","Regalo","Expensas","-10213","Mercadopago & else","Mi libro mayor","","eyeliner"
"feb 12 2024 17:15","Transfe","Ingreso","+14900","Mercadopago & else","Mi libro mayor","","pagos del cafe"
"feb 12 2024 17:14","Comida","Expensas","-0.1","Mercadopago & else","Mi libro mayor","","cafw partusa (CRÉDITO)"
"feb 12 2024 06:00","Transfe","Ingreso","+13000","Mercadopago & else","Mi libro mayor","","me pagan los demas"
"feb 12 2024 06:00","Transfe","Ingreso","+5500","Efectivo","Mi libro mayor","","me paga tahichi"
"feb 12 2024 05:59","Comida","Expensas","-23900","Mercadopago & else","Mi libro mayor","","el mac bien madrugon"
"feb 11 2024 23:26","Juego","Expensas","-1500","Mercadopago & else","Mi libro mayor","","timbita"
"feb 11 2024 23:17","Transfe","Ingreso","+5882","Mercadopago & else","Mi libro mayor","","Me paga maxi"
"feb 11 2024 23:16","Transfe","Ingreso","+4333","Mercadopago & else","Mi libro mayor","","me paga lolo"
"feb 11 2024 23:13","Comida","Expensas","-29898","Mercadopago & else","Mi libro mayor","","El mac de todos"
"feb 11 2024 01:21","Coche","Expensas","-15000","Mercadopago & else","Mi libro mayor","","nafta"
"feb 11 2024 01:21","Comida","Expensas","-8200","Mercadopago & else","Mi libro mayor","","Pape"
"feb 10 2024 21:37","Varios","Expensas","-39594.07","Mercadopago & else","Mi libro mayor","","La tarjeta"
"feb 10 2024 21:34","Cambio ","Ingreso","+100000","Mercadopago & else","Mi libro mayor","","84.96 USDT, 1172 x USDT"
"feb 09 2024 22:35","Varios","Expensas","-10000","Mercadopago & else","Mi libro mayor","","le regale 10 lucas a maxi"
"feb 07 2024 16:45","Comida","Expensas","-4125","Mercadopago & else","Mi libro mayor","","galletitas"
"feb 06 2024 23:22","Beber","Expensas","-150","Mercadopago & else","Mi libro mayor","","ajuste cocas con msxi (una sale 1150 y otra 1300)"
"feb 06 2024 23:21","Comida","Expensas","-2300","Efectivo","Mi libro mayor","","Cocas maxi y yo"
"feb 06 2024 23:20","","Transferir","1000","Efectivo -> Mercadopago & else","Mi libro mayor","","me pide Enrique"
"feb 06 2024 23:19","Comida","Expensas","-9300","Efectivo","Mi libro mayor","","Burgers libres y demas"
"feb 06 2024 15:15","Premios","Ingreso","+2000","Mercadopago & else","Mi libro mayor","","Timba"
"feb 04 2024 14:01","Interés","Ingreso","+1934.96","Mercadopago & else","Mi libro mayor","","intereses"
"feb 04 2024 13:59","Comida","Expensas","-1170","Mercadopago & else","Mi libro mayor","","kfc con el reembolso dl sushi"
"feb 03 2024 21:59","Comida","Expensas","-21378","Mercadopago & else","Mi libro mayor","","sushi"
"feb 03 2024 06:21","Transfe","Ingreso","+3500","Efectivo","Mi libro mayor","","maxi helado"
"feb 03 2024 06:21","Comida","Expensas","-7000","Efectivo","Mi libro mayor","","asado"
"feb 03 2024 01:04","Transfe","Ingreso","+8100","Mercadopago & else","Mi libro mayor","","me pagan helafo mp"
"feb 03 2024 01:03","Transfe","Ingreso","+13200","Efectivo","Mi libro mayor","","me pagan en efe"
"feb 03 2024 01:02","Comida","Expensas","-28570","Mercadopago & else","Mi libro mayor","","helado en lo d maxi"
"feb 03 2024 01:02","Transfe","Ingreso","+1000","Efectivo","Mi libro mayor","","gordo devuelve timba"
"feb 02 2024 01:01","Juego","Expensas","-2000","Mercadopago & else","Mi libro mayor","","casino + maxi"
"feb 01 2024 14:14","Juego","Expensas","-1000","Mercadopago & else","Mi libro mayor","","timba chirolera"
"feb 01 2024 01:38","Varios","Expensas","-2500","Mercadopago & else","Mi libro mayor","","Mercalibre lvl 6"
"feb 01 2024 01:38","Comida","Expensas","-5254","Mercadopago & else","Mi libro mayor","","unas tortas"
"ene 30 2024 15:07","Médico","Expensas","-19899","Mercadopago & else","Mi libro mayor","","La crema de la psoriasis"
"ene 29 2024 18:07","Coche","Expensas","-6250","Mercadopago & else","Mi libro mayor","","Estacionamiento"
"ene 29 2024 12:17","","Transferir","84000","Efectivo -> Mercadopago & else","Mi libro mayor","",""
"ene 28 2024 16:39","","Transferir","15000","Mercadopago & else -> Efectivo","Mi libro mayor","","cambios tati"
"ene 28 2024 16:38","Cambio ","Ingreso","+50010","Mercadopago & else","Mi libro mayor","","1220 x usdt, 40.93 usdt"
"ene 27 2024 16:37","Coche","Expensas","-15000","Efectivo","Mi libro mayor","","nafta"
"ene 27 2024 14:11","Comida","Expensas","-5000","Efectivo","Mi libro mayor","","burger kin"
"ene 27 2024 14:11","Ropa","Expensas","-1600","Efectivo","Mi libro mayor","","anillo"
"ene 27 2024 12:30","Comida","Expensas","-2500","Efectivo","Mi libro mayor","","sangui"
"ene 27 2024 12:30","Ropa","Expensas","-7500","Efectivo","Mi libro mayor","","tati pollera"
"ene 27 2024 12:30","Ropa","Expensas","-24000","Efectivo","Mi libro mayor","","tati jean"
"ene 27 2024 12:28","Ropa","Expensas","-9000","Efectivo","Mi libro mayor","","el buzo ese q no me cebo tanto"
"ene 27 2024 12:28","Ropa","Expensas","-23500","Efectivo","Mi libro mayor","","las remeras de gengar basadotas"
"ene 27 2024 12:28","Ropa","Expensas","-1500","Efectivo","Mi libro mayor","","pulsera"
"ene 27 2024 12:27","Ropa","Expensas","-8000","Efectivo","Mi libro mayor","","Camisa fachita"
"ene 26 2024 19:18","","Transferir","42500","Mercadopago & else -> Efectivo","Mi libro mayor","","extraccion"
"ene 26 2024 19:17","Cosmético","Expensas","-4400","Mercadopago & else","Mi libro mayor","","pintura pa tela (inversión)"
"ene 26 2024 16:31","Varios","Expensas","-2526","Mercadopago & else","Mi libro mayor","","yt premium"
"ene 26 2024 16:31","Transfe","Ingreso","+4874","Mercadopago & else","Mi libro mayor","","devolucion rappa"
"ene 26 2024 14:12","Presto","Expensas","-1900","Efectivo","Mi libro mayor","","me mangueo mama"
"ene 25 2024 16:01","","Transferir","80000","Mercadopago & else -> Efectivo","Mi libro mayor","","extracción"
"ene 24 2024 22:26","Cambio ","Ingreso","+133666","Mercadopago & else","Mi libro mayor","","105 USDT, 1273 x USDT"
"ene 24 2024 22:24","Comida","Expensas","-4850","Mercadopago & else","Mi libro mayor","","El pape del cine"
"ene 24 2024 22:21","Regalo","Expensas","-4800","Mercadopago & else","Mi libro mayor","","Regalo forster lacoste"
"ene 24 2024 22:21","Comida","Expensas","-5735","Mercadopago & else","Mi libro mayor","","Unas galles rappi"
"ene 24 2024 14:24","Varios","Expensas","-13826","Mercadopago & else","Mi libro mayor","","monotributo"
"ene 24 2024 03:26","Juego","Expensas","-3000","Mercadopago & else","Mi libro mayor","","timba"
"ene 22 2024 20:31","Transfe","Ingreso","+44000","Efectivo","Mi libro mayor","","me la paga"
"ene 22 2024 19:57","Varios","Expensas","-43855","Mercadopago & else","Mi libro mayor","","Multa de papá"
"ene 22 2024 19:55","Coche","Expensas","-4800","Efectivo","Mi libro mayor","","estacionamiento"
"ene 22 2024 13:27","Comida","Expensas","-11200","Mercadopago & else","Mi libro mayor","","mac"
"ene 20 2024 23:59","Comida","Expensas","-2900","Mercadopago & else","Mi libro mayor","","cuartito"
"ene 20 2024 22:25","Transfe","Ingreso","+1446","Mercadopago & else","Mi libro mayor","","tatu 2"
"ene 20 2024 22:25","Transfe","Ingreso","+6000","Efectivo","Mi libro mayor","","tatu 1"
"ene 20 2024 22:24","Transfe","Ingreso","+9786","Mercadopago & else","Mi libro mayor","","ian me paga lo suyo"
"ene 20 2024 22:23","Comida","Expensas","-47750","Mercadopago & else","Mi libro mayor","","fujisan"
"ene 20 2024 22:22","Comida","Expensas","-2000","Efectivo","Mi libro mayor","","0ropina"
"ene 20 2024 20:13","Cambio ","Ingreso","+100092","Mercadopago & else","Mi libro mayor","","80 1251.51"
"ene 20 2024 20:06","Coche","Expensas","-9999.98","Mercadopago & else","Mi libro mayor","","nafta"
"ene 20 2024 02:10","Comida","Expensas","-3000","Efectivo","Mi libro mayor","","la timba (pars el orto)"
"ene 20 2024 02:10","Comida","Expensas","-6500","Mercadopago & else","Mi libro mayor","","el asado en si"
"ene 20 2024 02:10","Varios","Expensas","-600","Mercadopago & else","Mi libro mayor","","El vuelto de lo de maxi"
"ene 20 2024 02:09","Transfe","Ingreso","+4000","Efectivo","Mi libro mayor","","maxi me paga el super"
"ene 20 2024 02:09","Comida","Expensas","-3400","Mercadopago & else","Mi libro mayor","","el super en lo de maxi"
"ene 19 2024 19:09","Comida","Expensas","-2100","Mercadopago & else","Mi libro mayor","","cookies"
"ene 19 2024 19:09","Beber","Expensas","-550","Mercadopago & else","Mi libro mayor","","una water"
"ene 18 2024 19:09","Beber","Expensas","-600","Efectivo","Mi libro mayor","","water gym"
"ene 17 2024 19:08","Transfe","Ingreso","+9000","Mercadopago & else","Mi libro mayor","","PAGA LA TIMBA"
"ene 17 2024 03:56","Juego","Expensas","-3000","Efectivo","Mi libro mayor","","JOHN TIMBA"
"ene 17 2024 03:56","Transfe","Ingreso","+3000","Mercadopago & else","Mi libro mayor","","RP empanadas"
"ene 17 2024 00:48","Transfe","Ingreso","+2810","Mercadopago & else","Mi libro mayor","","Maxi me paga empanadas (mp)"
"ene 17 2024 00:47","Beber","Expensas","-1002.22","Mercadopago & else","Mi libro mayor","","Las cocas"
"ene 17 2024 00:29","Transfe","Ingreso","+6000","Efectivo","Mi libro mayor","","Empa Seba y fran"
"ene 17 2024 00:29","Transfe","Ingreso","+2000","Efectivo","Mi libro mayor","","Pago lolo"
"ene 17 2024 00:29","Presto","Expensas","-500","Mercadopago & else","Mi libro mayor","","ajuste lolo"
"ene 17 2024 00:05","Transfe","Ingreso","+2796","Mercadopago & else","Mi libro mayor","","Empas gordo"
"ene 17 2024 00:04","Deporte","Expensas","-16400","Mercadopago & else","Mi libro mayor","","Empanadas 2 (banda)"
"ene 16 2024 23:36","Deporte","Expensas","-7300","Efectivo","Mi libro mayor","","Empanadas 1 (maxi debe 3600)"
"ene 16 2024 21:23","Transfe","Ingreso","+3186","Mercadopago & else","Mi libro mayor","","Rappi devolución cookies"
"ene 16 2024 16:41","Deporte","Expensas","-12500","Mercadopago & else","Mi libro mayor","","Gym"
"ene 15 2024 18:53","Médico","Expensas","-39107","Mercadopago & else","Mi libro mayor","","OSDE"
"ene 15 2024 18:43","Cambio ","Ingreso","+70060","Mercadopago & else","Mi libro mayor","","1130 x USDT, 62 usdt"
"ene 15 2024 00:32","Varios","Expensas","-4485","Mercadopago & else","Mi libro mayor","","stats fm premium"
"ene 15 2024 00:32","Comida","Expensas","-2000","Efectivo","Mi libro mayor","","Helado"
"ene 14 2024 23:24","Transfe","Ingreso","+3186","Mercadopago & else","Mi libro mayor","","cookie 2???"
"ene 14 2024 22:31","Comida","Expensas","-6691","Mercadopago & else","Mi libro mayor","","cookies"
"ene 14 2024 22:31","Varios","Expensas","-5000","Efectivo","Mi libro mayor","","gafas"
"ene 14 2024 22:30","Comida","Expensas","-4500","Mercadopago & else","Mi libro mayor","","Burgas domingo"
"ene 14 2024 01:48","Transfe","Ingreso","+10100","Mercadopago & else","Mi libro mayor","","tastys en tarja"
"ene 14 2024 01:47","Transfe","Ingreso","+15100","Efectivo","Mi libro mayor","","tastys en efe (k, jua, jun)"
"ene 14 2024 01:47","Comida","Expensas","-35400","Mercadopago & else","Mi libro mayor","","las tasty"
"ene 14 2024 01:46","Juego","Expensas","-1000","Efectivo","Mi libro mayor","","Poker!"
"ene 14 2024 01:46","","Transferir","3000","Mercadopago & else -> Efectivo","Mi libro mayor","","lo d abajo"
"ene 13 2024 01:42","Comida","Expensas","-1350","Mercadopago & else","Mi libro mayor","","Merienda (3k fueron en efe), a pasar"
"ene 12 2024 22:33","Comida","Expensas","-6150","Mercadopago & else","Mi libro mayor","","Pedidos"
"ene 12 2024 01:39","Comida","Expensas","-7350","Mercadopago & else","Mi libro mayor","","Mac tasty grande"
"ene 12 2024 01:36","Ropa","Expensas","-61800","Efectivo","Mi libro mayor","","Avellaneda"
"ene 11 2024 17:56","Varios","Expensas","-1400","Mercadopago & else","Mi libro mayor","","Comision de Extracción"
"ene 11 2024 17:56","","Transferir","60000","Mercadopago & else -> Efectivo","Mi libro mayor","","Efe para avellaned"
"ene 11 2024 17:54","Cambio ","Ingreso","+120000","Mercadopago & else","Mi libro mayor","","104.9 USDT, 1143.50 ARS"
"ene 11 2024 02:35","Transfe","Ingreso","+7100","Mercadopago & else","Mi libro mayor","","wizard devol"
"ene 11 2024 01:55","Presto","Expensas","-7100","Mercadopago & else","Mi libro mayor","","Timbq wizardo"
"ene 09 2024 00:45","Coche","Expensas","-4800","Mercadopago & else","Mi libro mayor","","Estacionam"
"ene 08 2024 14:07","Coche","Expensas","-15000","Mercadopago & else","Mi libro mayor","","Nafta"
"ene 07 2024 17:00","","Transferir","11000","Efectivo -> Mercadopago & else","Mi libro mayor","","Transfe de ian"
"ene 07 2024 14:32","Tecnología ","Expensas","-20800","Mercadopago & else","Mi libro mayor","","Repuesto punta tablet"
"ene 07 2024 13:49","Comida","Expensas","-6844.5","Mercadopago & else","Mi libro mayor","","Burger"
"ene 07 2024 00:22","Coche","Expensas","-3200","Efectivo","Mi libro mayor","","Esatcionamiento"
"ene 07 2024 00:22","Comida","Expensas","-23000","Efectivo","Mi libro mayor","","Double Date"
